exps,dataSets,attacks,budgets(%),metrics,result
1,Cora,CLGA,1,edge_homophily,0.80440512
1,Cora,CLGA,1,node_homophily,0.812844224
1,Cora,CLGA,1,class_homophily,0.759248722
1,Cora,CLGA,1,adjusted_homophily,0.433983625
1,Cora,CLGA,1,balanced_homophily,0.355549233
1,Cora,CLGA,5,edge_homophily,0.784117754
1,Cora,CLGA,5,node_homophily,0.780644217
1,Cora,CLGA,5,class_homophily,0.734326826
1,Cora,CLGA,5,adjusted_homophily,0.269828424
1,Cora,CLGA,5,balanced_homophily,0.340596095
1,Cora,CLGA,10,edge_homophily,0.759825328
1,Cora,CLGA,10,node_homophily,0.745597435
1,Cora,CLGA,10,class_homophily,0.705035331
1,Cora,CLGA,10,adjusted_homophily,-0.025826613
1,Cora,CLGA,10,balanced_homophily,0.323021199
1,Cora,CLGA,15,edge_homophily,0.738859929
1,Cora,CLGA,15,node_homophily,0.721165192
1,Cora,CLGA,15,class_homophily,0.679645527
1,Cora,CLGA,15,adjusted_homophily,-0.541932994
1,Cora,CLGA,15,balanced_homophily,0.307787316
1,Cora,CLGA,20,edge_homophily,0.71756713
1,Cora,CLGA,20,node_homophily,0.696364923
1,Cora,CLGA,20,class_homophily,0.653326199
1,Cora,CLGA,20,adjusted_homophily,-1.767377048
1,Cora,CLGA,20,balanced_homophily,0.29199572
1,Cora,dice,1,edge_homophily,0.80538695
1,Cora,dice,1,node_homophily,0.819771959
1,Cora,dice,1,class_homophily,0.760736597
1,Cora,dice,1,adjusted_homophily,0.452115336
1,Cora,dice,1,balanced_homophily,0.356441958
1,Cora,dice,5,edge_homophily,0.784889226
1,Cora,dice,5,node_homophily,0.797406929
1,Cora,dice,5,class_homophily,0.736852655
1,Cora,dice,5,adjusted_homophily,0.392271756
1,Cora,dice,5,balanced_homophily,0.342111593
1,Cora,dice,10,edge_homophily,0.758815765
1,Cora,dice,10,node_homophily,0.765479935
1,Cora,dice,10,class_homophily,0.704831477
1,Cora,dice,10,adjusted_homophily,0.3136765
1,Cora,dice,10,balanced_homophily,0.322898886
1,Cora,dice,15,edge_homophily,0.735255073
1,Cora,dice,15,node_homophily,0.742511956
1,Cora,dice,15,class_homophily,0.67769921
1,Cora,dice,15,adjusted_homophily,0.254401254
1,Cora,dice,15,balanced_homophily,0.306619526
1,Cora,dice,20,edge_homophily,0.710301651
1,Cora,dice,20,node_homophily,0.709453798
1,Cora,dice,20,class_homophily,0.646968929
1,Cora,dice,20,adjusted_homophily,0.181518556
1,Cora,dice,20,balanced_homophily,0.288181357
1,Cora,metattack,1,edge_homophily,0.80206379
1,Cora,metattack,1,node_homophily,0.812103913
1,Cora,metattack,1,class_homophily,0.755865331
1,Cora,metattack,1,adjusted_homophily,0.422533102
1,Cora,metattack,1,balanced_homophily,0.353519199
1,Cora,metattack,5,edge_homophily,0.772062805
1,Cora,metattack,5,node_homophily,0.776684609
1,Cora,metattack,5,class_homophily,0.719084894
1,Cora,metattack,5,adjusted_homophily,0.220482515
1,Cora,metattack,5,balanced_homophily,0.331450937
1,Cora,metattack,10,edge_homophily,0.739355284
1,Cora,metattack,10,node_homophily,0.740112582
1,Cora,metattack,10,class_homophily,0.678809264
1,Cora,metattack,10,adjusted_homophily,-0.15040805
1,Cora,metattack,10,balanced_homophily,0.307285559
1,Cora,metattack,15,edge_homophily,0.710018155
1,Cora,metattack,15,node_homophily,0.710823789
1,Cora,metattack,15,class_homophily,0.643868094
1,Cora,metattack,15,adjusted_homophily,-0.850772399
1,Cora,metattack,15,balanced_homophily,0.286320856
1,Cora,metattack,20,edge_homophily,0.682675543
1,Cora,metattack,20,node_homophily,0.682789682
1,Cora,metattack,20,class_homophily,0.612161824
1,Cora,metattack,20,adjusted_homophily,-2.67657243
1,Cora,metattack,20,balanced_homophily,0.267297094
1,Cora,minmax,1,edge_homophily,0.80395853
1,Cora,minmax,1,node_homophily,0.816961051
1,Cora,minmax,1,class_homophily,0.758223029
1,Cora,minmax,1,adjusted_homophily,0.437870333
1,Cora,minmax,1,balanced_homophily,0.354933817
1,Cora,minmax,5,edge_homophily,0.782003711
1,Cora,minmax,5,node_homophily,0.792683773
1,Cora,minmax,5,class_homophily,0.728172426
1,Cora,minmax,5,adjusted_homophily,0.340688097
1,Cora,minmax,5,balanced_homophily,0.336903456
1,Cora,minmax,10,edge_homophily,0.759320783
1,Cora,minmax,10,node_homophily,0.769915692
1,Cora,minmax,10,class_homophily,0.695456372
1,Cora,minmax,10,adjusted_homophily,0.259891141
1,Cora,minmax,10,balanced_homophily,0.317273823
1,Cora,minmax,15,edge_homophily,0.739146499
1,Cora,minmax,15,node_homophily,0.75344417
1,Cora,minmax,15,class_homophily,0.670484898
1,Cora,minmax,15,adjusted_homophily,0.19597557
1,Cora,minmax,15,balanced_homophily,0.302290939
1,Cora,minmax,20,edge_homophily,0.71252938
1,Cora,minmax,20,node_homophily,0.730154629
1,Cora,minmax,20,class_homophily,0.637645971
1,Cora,minmax,20,adjusted_homophily,0.034558299
1,Cora,minmax,20,balanced_homophily,0.282587583
1,Cora,nodeembeddingattack,1,edge_homophily,0.810562572
1,Cora,nodeembeddingattack,1,node_homophily,0.826272149
1,Cora,nodeembeddingattack,1,class_homophily,0.766561087
1,Cora,nodeembeddingattack,1,adjusted_homophily,0.485204512
1,Cora,nodeembeddingattack,1,balanced_homophily,0.359936652
1,Cora,nodeembeddingattack,5,edge_homophily,0.814356929
1,Cora,nodeembeddingattack,5,node_homophily,0.828079343
1,Cora,nodeembeddingattack,5,class_homophily,0.771133915
1,Cora,nodeembeddingattack,5,adjusted_homophily,0.558342522
1,Cora,nodeembeddingattack,5,balanced_homophily,0.362680349
1,Cora,nodeembeddingattack,10,edge_homophily,0.817722585
1,Cora,nodeembeddingattack,10,node_homophily,0.829056195
1,Cora,nodeembeddingattack,10,class_homophily,0.775111421
1,Cora,nodeembeddingattack,10,adjusted_homophily,0.620406176
1,Cora,nodeembeddingattack,10,balanced_homophily,0.365066853
1,Cora,nodeembeddingattack,15,edge_homophily,0.820147092
1,Cora,nodeembeddingattack,15,node_homophily,0.830162856
1,Cora,nodeembeddingattack,15,class_homophily,0.777593944
1,Cora,nodeembeddingattack,15,adjusted_homophily,0.663893698
1,Cora,nodeembeddingattack,15,balanced_homophily,0.366556367
1,Cora,nodeembeddingattack,20,edge_homophily,0.830452285
1,Cora,nodeembeddingattack,20,node_homophily,0.832671126
1,Cora,nodeembeddingattack,20,class_homophily,0.791709893
1,Cora,nodeembeddingattack,20,adjusted_homophily,0.713208981
1,Cora,nodeembeddingattack,20,balanced_homophily,0.375025936
1,Cora,pgd,1,edge_homophily,0.80509434
1,Cora,pgd,1,node_homophily,0.819895795
1,Cora,pgd,1,class_homophily,0.760660229
1,Cora,pgd,1,adjusted_homophily,0.441761583
1,Cora,pgd,1,balanced_homophily,0.356396138
1,Cora,pgd,5,edge_homophily,0.778409091
1,Cora,pgd,5,node_homophily,0.79767679
1,Cora,pgd,5,class_homophily,0.730035021
1,Cora,pgd,5,adjusted_homophily,0.285061567
1,Cora,pgd,5,balanced_homophily,0.338021013
1,Cora,pgd,10,edge_homophily,0.753090844
1,Cora,pgd,10,node_homophily,0.773955927
1,Cora,pgd,10,class_homophily,0.696725438
1,Cora,pgd,10,adjusted_homophily,0.132245919
1,Cora,pgd,10,balanced_homophily,0.318035263
1,Cora,pgd,15,edge_homophily,0.72521495
1,Cora,pgd,15,node_homophily,0.750338708
1,Cora,pgd,15,class_homophily,0.664545796
1,Cora,pgd,15,adjusted_homophily,-0.055414814
1,Cora,pgd,15,balanced_homophily,0.298727478
1,Cora,pgd,20,edge_homophily,0.701418561
1,Cora,pgd,20,node_homophily,0.726510553
1,Cora,pgd,20,class_homophily,0.629786166
1,Cora,pgd,20,adjusted_homophily,-0.286801573
1,Cora,pgd,20,balanced_homophily,0.2778717
1,Cora,random,1,edge_homophily,0.803939962
1,Cora,random,1,node_homophily,0.818712126
1,Cora,random,1,class_homophily,0.758128666
1,Cora,random,1,adjusted_homophily,0.426555885
1,Cora,random,1,balanced_homophily,0.354877199
1,Cora,random,5,edge_homophily,0.782530229
1,Cora,random,5,node_homophily,0.794463592
1,Cora,random,5,class_homophily,0.734035205
1,Cora,random,5,adjusted_homophily,0.242862329
1,Cora,random,5,balanced_homophily,0.340421123
1,Cora,random,10,edge_homophily,0.753488372
1,Cora,random,10,node_homophily,0.761372907
1,Cora,random,10,class_homophily,0.697789865
1,Cora,random,10,adjusted_homophily,-0.148929852
1,Cora,random,10,balanced_homophily,0.318673919
1,Cora,random,15,edge_homophily,0.726643599
1,Cora,random,15,node_homophily,0.736041075
1,Cora,random,15,class_homophily,0.667361005
1,Cora,random,15,adjusted_homophily,-0.931552051
1,Cora,random,15,balanced_homophily,0.300416603
1,Cora,random,20,edge_homophily,0.704721301
1,Cora,random,20,node_homophily,0.704531114
1,Cora,random,20,class_homophily,0.639775577
1,Cora,random,20,adjusted_homophily,-3.38698072
1,Cora,random,20,balanced_homophily,0.283865346
1,CiteSeer,CLGA,1,edge_homophily,0.540622958
1,CiteSeer,CLGA,1,node_homophily,0.512680526
1,CiteSeer,CLGA,1,class_homophily,0.530964567
1,CiteSeer,CLGA,1,adjusted_homophily,0.381711071
1,CiteSeer,CLGA,1,balanced_homophily,0.183596167
1,CiteSeer,CLGA,5,edge_homophily,0.531282916
1,CiteSeer,CLGA,5,node_homophily,0.505033713
1,CiteSeer,CLGA,5,class_homophily,0.517672898
1,CiteSeer,CLGA,5,adjusted_homophily,0.35649237
1,CiteSeer,CLGA,5,balanced_homophily,0.175288874
1,CiteSeer,CLGA,10,edge_homophily,0.518736075
1,CiteSeer,CLGA,10,node_homophily,0.494237926
1,CiteSeer,CLGA,10,class_homophily,0.502468957
1,CiteSeer,CLGA,10,adjusted_homophily,0.320214539
1,CiteSeer,CLGA,10,balanced_homophily,0.16578641
1,CiteSeer,CLGA,15,edge_homophily,0.504481684
1,CiteSeer,CLGA,15,node_homophily,0.482941294
1,CiteSeer,CLGA,15,class_homophily,0.483389414
1,CiteSeer,CLGA,15,adjusted_homophily,0.277253261
1,CiteSeer,CLGA,15,balanced_homophily,0.153861696
1,CiteSeer,CLGA,20,edge_homophily,0.491372843
1,CiteSeer,CLGA,20,node_homophily,0.471953135
1,CiteSeer,CLGA,20,class_homophily,0.464239416
1,CiteSeer,CLGA,20,adjusted_homophily,0.231403362
1,CiteSeer,CLGA,20,balanced_homophily,0.141892947
1,CiteSeer,dice,1,edge_homophily,0.539273927
1,CiteSeer,dice,1,node_homophily,0.511003306
1,CiteSeer,dice,1,class_homophily,0.530246386
1,CiteSeer,dice,1,adjusted_homophily,0.384430942
1,CiteSeer,dice,1,balanced_homophily,0.183147303
1,CiteSeer,dice,5,edge_homophily,0.524622456
1,CiteSeer,dice,5,node_homophily,0.494358092
1,CiteSeer,dice,5,class_homophily,0.508005505
1,CiteSeer,dice,5,adjusted_homophily,0.363214139
1,CiteSeer,dice,5,balanced_homophily,0.169246753
1,CiteSeer,dice,10,edge_homophily,0.506933744
1,CiteSeer,dice,10,node_homophily,0.475580264
1,CiteSeer,dice,10,class_homophily,0.482274675
1,CiteSeer,dice,10,adjusted_homophily,0.343072404
1,CiteSeer,dice,10,balanced_homophily,0.153164984
1,CiteSeer,dice,15,edge_homophily,0.491371681
1,CiteSeer,dice,15,node_homophily,0.460324962
1,CiteSeer,dice,15,class_homophily,0.463152601
1,CiteSeer,dice,15,adjusted_homophily,0.325879181
1,CiteSeer,dice,15,balanced_homophily,0.141213688
1,CiteSeer,dice,20,edge_homophily,0.468503937
1,CiteSeer,dice,20,node_homophily,0.432277397
1,CiteSeer,dice,20,class_homophily,0.433662949
1,CiteSeer,dice,20,adjusted_homophily,0.292495882
1,CiteSeer,dice,20,balanced_homophily,0.122782656
1,CiteSeer,metattack,1,edge_homophily,0.538177072
1,CiteSeer,metattack,1,node_homophily,0.509659786
1,CiteSeer,metattack,1,class_homophily,0.525977884
1,CiteSeer,metattack,1,adjusted_homophily,0.377513283
1,CiteSeer,metattack,1,balanced_homophily,0.18047949
1,CiteSeer,metattack,5,edge_homophily,0.518937016
1,CiteSeer,metattack,5,node_homophily,0.488674199
1,CiteSeer,metattack,5,class_homophily,0.495340063
1,CiteSeer,metattack,5,adjusted_homophily,0.33254975
1,CiteSeer,metattack,5,balanced_homophily,0.161330852
1,CiteSeer,metattack,10,edge_homophily,0.498102656
1,CiteSeer,metattack,10,node_homophily,0.462959269
1,CiteSeer,metattack,10,class_homophily,0.462629881
1,CiteSeer,metattack,10,adjusted_homophily,0.274689362
1,CiteSeer,metattack,10,balanced_homophily,0.140886988
1,CiteSeer,metattack,15,edge_homophily,0.478983569
1,CiteSeer,metattack,15,node_homophily,0.439890612
1,CiteSeer,metattack,15,class_homophily,0.43537751
1,CiteSeer,metattack,15,adjusted_homophily,0.216779911
1,CiteSeer,metattack,15,balanced_homophily,0.123854256
1,CiteSeer,metattack,20,edge_homophily,0.463749542
1,CiteSeer,metattack,20,node_homophily,0.424934761
1,CiteSeer,metattack,20,class_homophily,0.415679045
1,CiteSeer,metattack,20,adjusted_homophily,0.157045983
1,CiteSeer,metattack,20,balanced_homophily,0.111542715
1,CiteSeer,minmax,1,edge_homophily,0.539117133
1,CiteSeer,minmax,1,node_homophily,0.510233236
1,CiteSeer,minmax,1,class_homophily,0.527003558
1,CiteSeer,minmax,1,adjusted_homophily,0.380318542
1,CiteSeer,minmax,1,balanced_homophily,0.181120536
1,CiteSeer,minmax,5,edge_homophily,0.524348569
1,CiteSeer,minmax,5,node_homophily,0.498475022
1,CiteSeer,minmax,5,class_homophily,0.501849445
1,CiteSeer,minmax,5,adjusted_homophily,0.351425234
1,CiteSeer,minmax,5,balanced_homophily,0.165399215
1,CiteSeer,minmax,10,edge_homophily,0.504439397
1,CiteSeer,minmax,10,node_homophily,0.489547764
1,CiteSeer,minmax,10,class_homophily,0.472259607
1,CiteSeer,minmax,10,adjusted_homophily,0.304833805
1,CiteSeer,minmax,10,balanced_homophily,0.146905567
1,CiteSeer,minmax,15,edge_homophily,0.494375
1,CiteSeer,minmax,15,node_homophily,0.477975615
1,CiteSeer,minmax,15,class_homophily,0.45642788
1,CiteSeer,minmax,15,adjusted_homophily,0.294288283
1,CiteSeer,minmax,15,balanced_homophily,0.137010737
1,CiteSeer,minmax,20,edge_homophily,0.480563948
1,CiteSeer,minmax,20,node_homophily,0.47294733
1,CiteSeer,minmax,20,class_homophily,0.435797207
1,CiteSeer,minmax,20,adjusted_homophily,0.255742952
1,CiteSeer,minmax,20,balanced_homophily,0.124116567
1,CiteSeer,nodeembeddingattack,1,edge_homophily,0.543820723
1,CiteSeer,nodeembeddingattack,1,node_homophily,0.514784654
1,CiteSeer,nodeembeddingattack,1,class_homophily,0.5351815
1,CiteSeer,nodeembeddingattack,1,adjusted_homophily,0.393081619
1,CiteSeer,nodeembeddingattack,1,balanced_homophily,0.18623175
1,CiteSeer,nodeembeddingattack,5,edge_homophily,0.546127168
1,CiteSeer,nodeembeddingattack,5,node_homophily,0.514487896
1,CiteSeer,nodeembeddingattack,5,class_homophily,0.537288828
1,CiteSeer,nodeembeddingattack,5,adjusted_homophily,0.410202425
1,CiteSeer,nodeembeddingattack,5,balanced_homophily,0.18754883
1,CiteSeer,nodeembeddingattack,10,edge_homophily,0.546985599
1,CiteSeer,nodeembeddingattack,10,node_homophily,0.516153305
1,CiteSeer,nodeembeddingattack,10,class_homophily,0.541135584
1,CiteSeer,nodeembeddingattack,10,adjusted_homophily,0.428837678
1,CiteSeer,nodeembeddingattack,10,balanced_homophily,0.189953052
1,CiteSeer,nodeembeddingattack,15,edge_homophily,0.54754522
1,CiteSeer,nodeembeddingattack,15,node_homophily,0.514434431
1,CiteSeer,nodeembeddingattack,15,class_homophily,0.541156034
1,CiteSeer,nodeembeddingattack,15,adjusted_homophily,0.445017699
1,CiteSeer,nodeembeddingattack,15,balanced_homophily,0.189965834
1,CiteSeer,nodeembeddingattack,20,edge_homophily,0.546128501
1,CiteSeer,nodeembeddingattack,20,node_homophily,0.513403594
1,CiteSeer,nodeembeddingattack,20,class_homophily,0.54355358
1,CiteSeer,nodeembeddingattack,20,adjusted_homophily,0.45838043
1,CiteSeer,nodeembeddingattack,20,balanced_homophily,0.1914643
1,CiteSeer,pgd,1,edge_homophily,0.538830716
1,CiteSeer,pgd,1,node_homophily,0.511210924
1,CiteSeer,pgd,1,class_homophily,0.52747119
1,CiteSeer,pgd,1,adjusted_homophily,0.3794291
1,CiteSeer,pgd,1,balanced_homophily,0.181412806
1,CiteSeer,pgd,5,edge_homophily,0.522625876
1,CiteSeer,pgd,5,node_homophily,0.500365809
1,CiteSeer,pgd,5,class_homophily,0.499559366
1,CiteSeer,pgd,5,adjusted_homophily,0.344314072
1,CiteSeer,pgd,5,balanced_homophily,0.163967916
1,CiteSeer,pgd,10,edge_homophily,0.504189659
1,CiteSeer,pgd,10,node_homophily,0.489709195
1,CiteSeer,pgd,10,class_homophily,0.472307907
1,CiteSeer,pgd,10,adjusted_homophily,0.300505581
1,CiteSeer,pgd,10,balanced_homophily,0.146935754
1,CiteSeer,pgd,15,edge_homophily,0.485015773
1,CiteSeer,pgd,15,node_homophily,0.481057724
1,CiteSeer,pgd,15,class_homophily,0.443779055
1,CiteSeer,pgd,15,adjusted_homophily,0.252599156
1,CiteSeer,pgd,15,balanced_homophily,0.129105221
1,CiteSeer,pgd,20,edge_homophily,0.467296786
1,CiteSeer,pgd,20,node_homophily,0.471056486
1,CiteSeer,pgd,20,class_homophily,0.417840562
1,CiteSeer,pgd,20,adjusted_homophily,0.192445807
1,CiteSeer,pgd,20,balanced_homophily,0.112893663
1,CiteSeer,random,1,edge_homophily,0.539917337
1,CiteSeer,random,1,node_homophily,0.512098878
1,CiteSeer,random,1,class_homophily,0.529734727
1,CiteSeer,random,1,adjusted_homophily,0.380107507
1,CiteSeer,random,1,balanced_homophily,0.182827517
1,CiteSeer,random,5,edge_homophily,0.526679222
1,CiteSeer,random,5,node_homophily,0.49982118
1,CiteSeer,random,5,class_homophily,0.510083695
1,CiteSeer,random,5,adjusted_homophily,0.345764717
1,CiteSeer,random,5,balanced_homophily,0.170545622
1,CiteSeer,random,10,edge_homophily,0.508687837
1,CiteSeer,random,10,node_homophily,0.484573957
1,CiteSeer,random,10,class_homophily,0.485301842
1,CiteSeer,random,10,adjusted_homophily,0.298737749
1,CiteSeer,random,10,balanced_homophily,0.155056964
1,CiteSeer,random,15,edge_homophily,0.49006496
1,CiteSeer,random,15,node_homophily,0.470830788
1,CiteSeer,random,15,class_homophily,0.460728819
1,CiteSeer,random,15,adjusted_homophily,0.241456433
1,CiteSeer,random,15,balanced_homophily,0.139698824
1,CiteSeer,random,20,edge_homophily,0.479494691
1,CiteSeer,random,20,node_homophily,0.459519449
1,CiteSeer,random,20,class_homophily,0.44363378
1,CiteSeer,random,20,adjusted_homophily,0.192325966
1,CiteSeer,random,20,balanced_homophily,0.129014425
2,Cora,CLGA,1,edge_homophily,0.805107022
2,Cora,CLGA,1,node_homophily,0.817218389
2,Cora,CLGA,1,class_homophily,0.759708294
2,Cora,CLGA,1,adjusted_homophily,0.431056411
2,Cora,CLGA,1,balanced_homophily,0.355824977
2,Cora,CLGA,5,edge_homophily,0.785000908
2,Cora,CLGA,5,node_homophily,0.783832009
2,Cora,CLGA,5,class_homophily,0.735320778
2,Cora,CLGA,5,adjusted_homophily,0.26463529
2,Cora,CLGA,5,balanced_homophily,0.341192467
2,Cora,CLGA,10,edge_homophily,0.761199233
2,Cora,CLGA,10,node_homophily,0.749630077
2,Cora,CLGA,10,class_homophily,0.706909327
2,Cora,CLGA,10,adjusted_homophily,-0.041970991
2,Cora,CLGA,10,balanced_homophily,0.324145596
2,Cora,CLGA,15,edge_homophily,0.739232445
2,Cora,CLGA,15,node_homophily,0.721551592
2,Cora,CLGA,15,class_homophily,0.681428065
2,Cora,CLGA,15,adjusted_homophily,-0.612147798
2,Cora,CLGA,15,balanced_homophily,0.308856839
2,Cora,CLGA,20,edge_homophily,0.719193548
2,Cora,CLGA,20,node_homophily,0.697131736
2,Cora,CLGA,20,class_homophily,0.656991623
2,Cora,CLGA,20,adjusted_homophily,-2.033388391
2,Cora,CLGA,20,balanced_homophily,0.294194974
2,Cora,dice,1,edge_homophily,0.80538695
2,Cora,dice,1,node_homophily,0.820365932
2,Cora,dice,1,class_homophily,0.760931557
2,Cora,dice,1,adjusted_homophily,0.453595547
2,Cora,dice,1,balanced_homophily,0.356558934
2,Cora,dice,5,edge_homophily,0.78445831
2,Cora,dice,5,node_homophily,0.79687521
2,Cora,dice,5,class_homophily,0.735293075
2,Cora,dice,5,adjusted_homophily,0.384562385
2,Cora,dice,5,balanced_homophily,0.341175845
2,Cora,dice,10,edge_homophily,0.760683761
2,Cora,dice,10,node_homophily,0.768122335
2,Cora,dice,10,class_homophily,0.710132649
2,Cora,dice,10,adjusted_homophily,0.340454485
2,Cora,dice,10,balanced_homophily,0.326079589
2,Cora,dice,15,edge_homophily,0.734366144
2,Cora,dice,15,node_homophily,0.735703906
2,Cora,dice,15,class_homophily,0.676120788
2,Cora,dice,15,adjusted_homophily,0.25356143
2,Cora,dice,15,balanced_homophily,0.305672473
2,Cora,dice,20,edge_homophily,0.707700956
2,Cora,dice,20,node_homophily,0.708448717
2,Cora,dice,20,class_homophily,0.647939844
2,Cora,dice,20,adjusted_homophily,0.144504305
2,Cora,dice,20,balanced_homophily,0.288763906
2,Cora,metattack,1,edge_homophily,0.80206379
2,Cora,metattack,1,node_homophily,0.811833111
2,Cora,metattack,1,class_homophily,0.756222733
2,Cora,metattack,1,adjusted_homophily,0.421844218
2,Cora,metattack,1,balanced_homophily,0.35373364
2,Cora,metattack,5,edge_homophily,0.772243277
2,Cora,metattack,5,node_homophily,0.777824969
2,Cora,metattack,5,class_homophily,0.71842281
2,Cora,metattack,5,adjusted_homophily,0.221892766
2,Cora,metattack,5,balanced_homophily,0.331053686
2,Cora,metattack,10,edge_homophily,0.739707149
2,Cora,metattack,10,node_homophily,0.741166964
2,Cora,metattack,10,class_homophily,0.67917944
2,Cora,metattack,10,adjusted_homophily,-0.167148206
2,Cora,metattack,10,balanced_homophily,0.307507664
2,Cora,metattack,15,edge_homophily,0.709879598
2,Cora,metattack,15,node_homophily,0.710929335
2,Cora,metattack,15,class_homophily,0.643666057
2,Cora,metattack,15,adjusted_homophily,-0.87705939
2,Cora,metattack,15,balanced_homophily,0.286199634
2,Cora,metattack,20,edge_homophily,0.684135303
2,Cora,metattack,20,node_homophily,0.685310301
2,Cora,metattack,20,class_homophily,0.61346651
2,Cora,metattack,20,adjusted_homophily,-2.586771677
2,Cora,metattack,20,balanced_homophily,0.268079906
2,Cora,minmax,1,edge_homophily,0.803884594
2,Cora,minmax,1,node_homophily,0.817135139
2,Cora,minmax,1,class_homophily,0.759122931
2,Cora,minmax,1,adjusted_homophily,0.438524102
2,Cora,minmax,1,balanced_homophily,0.355473759
2,Cora,minmax,5,edge_homophily,0.78125
2,Cora,minmax,5,node_homophily,0.793375206
2,Cora,minmax,5,class_homophily,0.727389798
2,Cora,minmax,5,adjusted_homophily,0.328494331
2,Cora,minmax,5,balanced_homophily,0.336433879
2,Cora,minmax,10,edge_homophily,0.75693042
2,Cora,minmax,10,node_homophily,0.770512669
2,Cora,minmax,10,class_homophily,0.694261824
2,Cora,minmax,10,adjusted_homophily,0.23438301
2,Cora,minmax,10,balanced_homophily,0.316557094
2,Cora,minmax,15,edge_homophily,0.740007402
2,Cora,minmax,15,node_homophily,0.751855458
2,Cora,minmax,15,class_homophily,0.669924412
2,Cora,minmax,15,adjusted_homophily,0.207512254
2,Cora,minmax,15,balanced_homophily,0.301954647
2,Cora,minmax,20,edge_homophily,0.715168029
2,Cora,minmax,20,node_homophily,0.735006983
2,Cora,minmax,20,class_homophily,0.639058608
2,Cora,minmax,20,adjusted_homophily,0.059371856
2,Cora,minmax,20,balanced_homophily,0.283435165
2,Cora,nodeembeddingattack,1,edge_homophily,0.810562572
2,Cora,nodeembeddingattack,1,node_homophily,0.826151016
2,Cora,nodeembeddingattack,1,class_homophily,0.766248528
2,Cora,nodeembeddingattack,1,adjusted_homophily,0.484595718
2,Cora,nodeembeddingattack,1,balanced_homophily,0.359749117
2,Cora,nodeembeddingattack,5,edge_homophily,0.812562313
2,Cora,nodeembeddingattack,5,node_homophily,0.826490653
2,Cora,nodeembeddingattack,5,class_homophily,0.76913541
2,Cora,nodeembeddingattack,5,adjusted_homophily,0.555061284
2,Cora,nodeembeddingattack,5,balanced_homophily,0.361481246
2,Cora,nodeembeddingattack,10,edge_homophily,0.819827405
2,Cora,nodeembeddingattack,10,node_homophily,0.830414152
2,Cora,nodeembeddingattack,10,class_homophily,0.778917661
2,Cora,nodeembeddingattack,10,adjusted_homophily,0.626197803
2,Cora,nodeembeddingattack,10,balanced_homophily,0.367350596
2,Cora,nodeembeddingattack,15,edge_homophily,0.823490082
2,Cora,nodeembeddingattack,15,node_homophily,0.831580479
2,Cora,nodeembeddingattack,15,class_homophily,0.782596112
2,Cora,nodeembeddingattack,15,adjusted_homophily,0.669685339
2,Cora,nodeembeddingattack,15,balanced_homophily,0.369557667
2,Cora,nodeembeddingattack,20,edge_homophily,0.829031494
2,Cora,nodeembeddingattack,20,node_homophily,0.834211538
2,Cora,nodeembeddingattack,20,class_homophily,0.789856726
2,Cora,nodeembeddingattack,20,adjusted_homophily,0.709417218
2,Cora,nodeembeddingattack,20,balanced_homophily,0.373914036
2,Cora,pgd,1,edge_homophily,0.804827456
2,Cora,pgd,1,node_homophily,0.818667047
2,Cora,pgd,1,class_homophily,0.759996209
2,Cora,pgd,1,adjusted_homophily,0.440079248
2,Cora,pgd,1,balanced_homophily,0.355997725
2,Cora,pgd,5,edge_homophily,0.779022777
2,Cora,pgd,5,node_homophily,0.79710148
2,Cora,pgd,5,class_homophily,0.727864265
2,Cora,pgd,5,adjusted_homophily,0.301137636
2,Cora,pgd,5,balanced_homophily,0.336718559
2,Cora,pgd,10,edge_homophily,0.749911127
2,Cora,pgd,10,node_homophily,0.774525739
2,Cora,pgd,10,class_homophily,0.691673755
2,Cora,pgd,10,adjusted_homophily,0.091744921
2,Cora,pgd,10,balanced_homophily,0.315004253
2,Cora,pgd,15,edge_homophily,0.728438433
2,Cora,pgd,15,node_homophily,0.749619617
2,Cora,pgd,15,class_homophily,0.664163279
2,Cora,pgd,15,adjusted_homophily,-0.014292593
2,Cora,pgd,15,balanced_homophily,0.298497967
2,Cora,pgd,20,edge_homophily,0.701901662
2,Cora,pgd,20,node_homophily,0.73030815
2,Cora,pgd,20,class_homophily,0.630439545
2,Cora,pgd,20,adjusted_homophily,-0.258712932
2,Cora,pgd,20,balanced_homophily,0.278263727
2,Cora,random,1,edge_homophily,0.804690432
2,Cora,random,1,node_homophily,0.819350321
2,Cora,random,1,class_homophily,0.759554414
2,Cora,random,1,adjusted_homophily,0.427835556
2,Cora,random,1,balanced_homophily,0.355732648
2,Cora,random,5,edge_homophily,0.779101245
2,Cora,random,5,node_homophily,0.791073571
2,Cora,random,5,class_homophily,0.72814088
2,Cora,random,5,adjusted_homophily,0.235763701
2,Cora,random,5,balanced_homophily,0.336884528
2,Cora,random,10,edge_homophily,0.754177433
2,Cora,random,10,node_homophily,0.76221552
2,Cora,random,10,class_homophily,0.69976843
2,Cora,random,10,adjusted_homophily,-0.14081906
2,Cora,random,10,balanced_homophily,0.319861058
2,Cora,random,15,edge_homophily,0.729279947
2,Cora,random,15,node_homophily,0.734075172
2,Cora,random,15,class_homophily,0.668495298
2,Cora,random,15,adjusted_homophily,-0.878020096
2,Cora,random,15,balanced_homophily,0.301097179
2,Cora,random,20,edge_homophily,0.708353071
2,Cora,random,20,node_homophily,0.713130799
2,Cora,random,20,class_homophily,0.641294629
2,Cora,random,20,adjusted_homophily,-3.50480063
2,Cora,random,20,balanced_homophily,0.284776777
2,CiteSeer,CLGA,1,edge_homophily,
2,CiteSeer,CLGA,1,node_homophily,
2,CiteSeer,CLGA,1,class_homophily,
2,CiteSeer,CLGA,1,adjusted_homophily,
2,CiteSeer,CLGA,1,balanced_homophily,
2,CiteSeer,CLGA,5,edge_homophily,
2,CiteSeer,CLGA,5,node_homophily,
2,CiteSeer,CLGA,5,class_homophily,
2,CiteSeer,CLGA,5,adjusted_homophily,
2,CiteSeer,CLGA,5,balanced_homophily,
2,CiteSeer,CLGA,10,edge_homophily,
2,CiteSeer,CLGA,10,node_homophily,
2,CiteSeer,CLGA,10,class_homophily,
2,CiteSeer,CLGA,10,adjusted_homophily,
2,CiteSeer,CLGA,10,balanced_homophily,
2,CiteSeer,CLGA,15,edge_homophily,
2,CiteSeer,CLGA,15,node_homophily,
2,CiteSeer,CLGA,15,class_homophily,
2,CiteSeer,CLGA,15,adjusted_homophily,
2,CiteSeer,CLGA,15,balanced_homophily,
2,CiteSeer,CLGA,20,edge_homophily,
2,CiteSeer,CLGA,20,node_homophily,
2,CiteSeer,CLGA,20,class_homophily,
2,CiteSeer,CLGA,20,adjusted_homophily,
2,CiteSeer,CLGA,20,balanced_homophily,
2,CiteSeer,dice,1,edge_homophily,0.540540541
2,CiteSeer,dice,1,node_homophily,0.511815488
2,CiteSeer,dice,1,class_homophily,0.531228047
2,CiteSeer,dice,1,adjusted_homophily,0.385583389
2,CiteSeer,dice,1,balanced_homophily,0.183760841
2,CiteSeer,dice,5,edge_homophily,0.527489512
2,CiteSeer,dice,5,node_homophily,0.494755325
2,CiteSeer,dice,5,class_homophily,0.511672035
2,CiteSeer,dice,5,adjusted_homophily,0.370033064
2,CiteSeer,dice,5,balanced_homophily,0.171538334
2,CiteSeer,dice,10,edge_homophily,0.509047308
2,CiteSeer,dice,10,node_homophily,0.476986889
2,CiteSeer,dice,10,class_homophily,0.484499741
2,CiteSeer,dice,10,adjusted_homophily,0.342049135
2,CiteSeer,dice,10,balanced_homophily,0.154555651
2,CiteSeer,dice,15,edge_homophily,0.489505903
2,CiteSeer,dice,15,node_homophily,0.456201273
2,CiteSeer,dice,15,class_homophily,0.459562447
2,CiteSeer,dice,15,adjusted_homophily,0.319361352
2,CiteSeer,dice,15,balanced_homophily,0.138969842
2,CiteSeer,dice,20,edge_homophily,0.472866521
2,CiteSeer,dice,20,node_homophily,0.435909675
2,CiteSeer,dice,20,class_homophily,0.429281844
2,CiteSeer,dice,20,adjusted_homophily,0.297981713
2,CiteSeer,dice,20,balanced_homophily,0.120044465
2,CiteSeer,metattack,1,edge_homophily,0.538177072
2,CiteSeer,metattack,1,node_homophily,0.509509501
2,CiteSeer,metattack,1,class_homophily,0.525870961
2,CiteSeer,metattack,1,adjusted_homophily,0.377590022
2,CiteSeer,metattack,1,balanced_homophily,0.180412663
2,CiteSeer,metattack,5,edge_homophily,0.519774011
2,CiteSeer,metattack,5,node_homophily,0.490197808
2,CiteSeer,metattack,5,class_homophily,0.496631237
2,CiteSeer,metattack,5,adjusted_homophily,0.333827879
2,CiteSeer,metattack,5,balanced_homophily,0.162137836
2,CiteSeer,metattack,10,edge_homophily,0.499101258
2,CiteSeer,metattack,10,node_homophily,0.46334047
2,CiteSeer,metattack,10,class_homophily,0.465932766
2,CiteSeer,metattack,10,adjusted_homophily,0.27665654
2,CiteSeer,metattack,10,balanced_homophily,0.142951291
2,CiteSeer,metattack,15,edge_homophily,0.482040504
2,CiteSeer,metattack,15,node_homophily,0.446060376
2,CiteSeer,metattack,15,class_homophily,0.439504809
2,CiteSeer,metattack,15,adjusted_homophily,0.220238577
2,CiteSeer,metattack,15,balanced_homophily,0.126433818
2,CiteSeer,metattack,20,edge_homophily,0.463932625
2,CiteSeer,metattack,20,node_homophily,0.425437036
2,CiteSeer,metattack,20,class_homophily,0.416740979
2,CiteSeer,metattack,20,adjusted_homophily,0.156129824
2,CiteSeer,metattack,20,balanced_homophily,0.112206424
2,CiteSeer,minmax,1,edge_homophily,0.540039276
2,CiteSeer,minmax,1,node_homophily,0.512051915
2,CiteSeer,minmax,1,class_homophily,0.528674664
2,CiteSeer,minmax,1,adjusted_homophily,0.381135182
2,CiteSeer,minmax,1,balanced_homophily,0.182164977
2,CiteSeer,minmax,5,edge_homophily,0.522814499
2,CiteSeer,minmax,5,node_homophily,0.49783555
2,CiteSeer,minmax,5,class_homophily,0.500462736
2,CiteSeer,minmax,5,adjusted_homophily,0.346730526
2,CiteSeer,minmax,5,balanced_homophily,0.164532523
2,CiteSeer,minmax,10,edge_homophily,0.506644518
2,CiteSeer,minmax,10,node_homophily,0.490059032
2,CiteSeer,minmax,10,class_homophily,0.475359099
2,CiteSeer,minmax,10,adjusted_homophily,0.311774708
2,CiteSeer,minmax,10,balanced_homophily,0.148842749
2,CiteSeer,minmax,15,edge_homophily,0.496766117
2,CiteSeer,minmax,15,node_homophily,0.481370513
2,CiteSeer,minmax,15,class_homophily,0.460244328
2,CiteSeer,minmax,15,adjusted_homophily,0.299790976
2,CiteSeer,minmax,15,balanced_homophily,0.139396017
2,CiteSeer,minmax,20,edge_homophily,0.482049213
2,CiteSeer,minmax,20,node_homophily,0.474090483
2,CiteSeer,minmax,20,class_homophily,0.439622679
2,CiteSeer,minmax,20,adjusted_homophily,0.258337169
2,CiteSeer,minmax,20,balanced_homophily,0.126507487
2,CiteSeer,nodeembeddingattack,1,edge_homophily,0.543155092
2,CiteSeer,nodeembeddingattack,1,node_homophily,0.514713947
2,CiteSeer,nodeembeddingattack,1,class_homophily,0.534255171
2,CiteSeer,nodeembeddingattack,1,adjusted_homophily,0.392321229
2,CiteSeer,nodeembeddingattack,1,balanced_homophily,0.185652794
2,CiteSeer,nodeembeddingattack,5,edge_homophily,0.54566474
2,CiteSeer,nodeembeddingattack,5,node_homophily,0.515468979
2,CiteSeer,nodeembeddingattack,5,class_homophily,0.536627338
2,CiteSeer,nodeembeddingattack,5,adjusted_homophily,0.408813631
2,CiteSeer,nodeembeddingattack,5,balanced_homophily,0.187135399
2,CiteSeer,nodeembeddingattack,10,edge_homophily,0.547717842
2,CiteSeer,nodeembeddingattack,10,node_homophily,0.515827513
2,CiteSeer,nodeembeddingattack,10,class_homophily,0.540561497
2,CiteSeer,nodeembeddingattack,10,adjusted_homophily,0.429499809
2,CiteSeer,nodeembeddingattack,10,balanced_homophily,0.189594248
2,CiteSeer,nodeembeddingattack,15,edge_homophily,0.547803618
2,CiteSeer,nodeembeddingattack,15,node_homophily,0.515101263
2,CiteSeer,nodeembeddingattack,15,class_homophily,0.542771556
2,CiteSeer,nodeembeddingattack,15,adjusted_homophily,0.44597073
2,CiteSeer,nodeembeddingattack,15,balanced_homophily,0.190975535
2,CiteSeer,nodeembeddingattack,20,edge_homophily,0.543108182
2,CiteSeer,nodeembeddingattack,20,node_homophily,0.512675575
2,CiteSeer,nodeembeddingattack,20,class_homophily,0.539134795
2,CiteSeer,nodeembeddingattack,20,adjusted_homophily,0.455341769
2,CiteSeer,nodeembeddingattack,20,balanced_homophily,0.188702559
2,CiteSeer,pgd,1,edge_homophily,0.539384683
2,CiteSeer,pgd,1,node_homophily,0.511913991
2,CiteSeer,pgd,1,class_homophily,0.528298084
2,CiteSeer,pgd,1,adjusted_homophily,0.380520932
2,CiteSeer,pgd,1,balanced_homophily,0.181929615
2,CiteSeer,pgd,5,edge_homophily,0.522587487
2,CiteSeer,pgd,5,node_homophily,0.502362792
2,CiteSeer,pgd,5,class_homophily,0.499412817
2,CiteSeer,pgd,5,adjusted_homophily,0.34577034
2,CiteSeer,pgd,5,balanced_homophily,0.163876323
2,CiteSeer,pgd,10,edge_homophily,0.502753416
2,CiteSeer,pgd,10,node_homophily,0.492654707
2,CiteSeer,pgd,10,class_homophily,0.47071884
2,CiteSeer,pgd,10,adjusted_homophily,0.296971968
2,CiteSeer,pgd,10,balanced_homophily,0.145942587
2,CiteSeer,pgd,15,edge_homophily,0.487684729
2,CiteSeer,pgd,15,node_homophily,0.480471418
2,CiteSeer,pgd,15,class_homophily,0.444317105
2,CiteSeer,pgd,15,adjusted_homophily,0.253051662
2,CiteSeer,pgd,15,balanced_homophily,0.129441503
2,CiteSeer,pgd,20,edge_homophily,0.468076996
2,CiteSeer,pgd,20,node_homophily,0.470875716
2,CiteSeer,pgd,20,class_homophily,0.418564314
2,CiteSeer,pgd,20,adjusted_homophily,0.201677565
2,CiteSeer,pgd,20,balanced_homophily,0.113346008
2,CiteSeer,random,1,edge_homophily,0.539482271
2,CiteSeer,random,1,node_homophily,0.511531372
2,CiteSeer,random,1,class_homophily,0.529221475
2,CiteSeer,random,1,adjusted_homophily,0.3796183
2,CiteSeer,random,1,balanced_homophily,0.182506734
2,CiteSeer,random,5,edge_homophily,0.525632978
2,CiteSeer,random,5,node_homophily,0.499428085
2,CiteSeer,random,5,class_homophily,0.510085995
2,CiteSeer,random,5,adjusted_homophily,0.343896673
2,CiteSeer,random,5,balanced_homophily,0.170547059
2,CiteSeer,random,10,edge_homophily,0.508687837
2,CiteSeer,random,10,node_homophily,0.485237135
2,CiteSeer,random,10,class_homophily,0.48728412
2,CiteSeer,random,10,adjusted_homophily,0.298084961
2,CiteSeer,random,10,balanced_homophily,0.156295887
2,CiteSeer,random,15,edge_homophily,0.49751624
2,CiteSeer,random,15,node_homophily,0.473764441
2,CiteSeer,random,15,class_homophily,0.47070422
2,CiteSeer,random,15,adjusted_homophily,0.254008728
2,CiteSeer,random,15,balanced_homophily,0.14593345
2,CiteSeer,random,20,edge_homophily,0.478579275
2,CiteSeer,random,20,node_homophily,0.45722682
2,CiteSeer,random,20,class_homophily,0.442345317
2,CiteSeer,random,20,adjusted_homophily,0.190095386
2,CiteSeer,random,20,balanced_homophily,0.128209136
3,Cora,CLGA,1,edge_homophily,0.805566002
3,Cora,CLGA,1,node_homophily,0.814812378
3,Cora,CLGA,1,class_homophily,0.759885487
3,Cora,CLGA,1,adjusted_homophily,0.435415731
3,Cora,CLGA,1,balanced_homophily,0.355931292
3,Cora,CLGA,5,edge_homophily,0.785961084
3,Cora,CLGA,5,node_homophily,0.781870888
3,Cora,CLGA,5,class_homophily,0.736219132
3,Cora,CLGA,5,adjusted_homophily,0.27289477
3,Cora,CLGA,5,balanced_homophily,0.341731479
3,Cora,CLGA,10,edge_homophily,0.761655317
3,Cora,CLGA,10,node_homophily,0.747101894
3,Cora,CLGA,10,class_homophily,0.706745615
3,Cora,CLGA,10,adjusted_homophily,-0.030251284
3,Cora,CLGA,10,balanced_homophily,0.324047369
3,Cora,CLGA,15,edge_homophily,0.737803856
3,Cora,CLGA,15,node_homophily,0.718045184
3,Cora,CLGA,15,class_homophily,0.678311564
3,Cora,CLGA,15,adjusted_homophily,-0.605703395
3,Cora,CLGA,15,balanced_homophily,0.306986938
3,Cora,CLGA,20,edge_homophily,0.717762734
3,Cora,CLGA,20,node_homophily,0.695054755
3,Cora,CLGA,20,class_homophily,0.654396913
3,Cora,CLGA,20,adjusted_homophily,-2.064345717
3,Cora,CLGA,20,balanced_homophily,0.292638148
3,Cora,dice,1,edge_homophily,0.805039788
3,Cora,dice,1,node_homophily,0.819850232
3,Cora,dice,1,class_homophily,0.76019136
3,Cora,dice,1,adjusted_homophily,0.450564155
3,Cora,dice,1,balanced_homophily,0.356114816
3,Cora,dice,5,edge_homophily,0.784135977
3,Cora,dice,5,node_homophily,0.792516816
3,Cora,dice,5,class_homophily,0.735611223
3,Cora,dice,5,adjusted_homophily,0.384783928
3,Cora,dice,5,balanced_homophily,0.341366734
3,Cora,dice,10,edge_homophily,0.758913413
3,Cora,dice,10,node_homophily,0.76290072
3,Cora,dice,10,class_homophily,0.706155757
3,Cora,dice,10,adjusted_homophily,0.308595688
3,Cora,dice,10,balanced_homophily,0.323693454
3,Cora,dice,15,edge_homophily,0.734632117
3,Cora,dice,15,node_homophily,0.735322661
3,Cora,dice,15,class_homophily,0.678190592
3,Cora,dice,15,adjusted_homophily,0.25639914
3,Cora,dice,15,balanced_homophily,0.306914355
3,Cora,dice,20,edge_homophily,0.710062536
3,Cora,dice,20,node_homophily,0.709540672
3,Cora,dice,20,class_homophily,0.650759956
3,Cora,dice,20,adjusted_homophily,0.183854346
3,Cora,dice,20,balanced_homophily,0.290455973
3,Cora,metattack,1,edge_homophily,0.80206379
3,Cora,metattack,1,node_homophily,0.811980821
3,Cora,metattack,1,class_homophily,0.756448726
3,Cora,metattack,1,adjusted_homophily,0.421745293
3,Cora,metattack,1,balanced_homophily,0.353869236
3,Cora,metattack,5,edge_homophily,0.772062805
3,Cora,metattack,5,node_homophily,0.777167306
3,Cora,metattack,5,class_homophily,0.718767402
3,Cora,metattack,5,adjusted_homophily,0.220016738
3,Cora,metattack,5,balanced_homophily,0.331260441
3,Cora,metattack,10,edge_homophily,0.739100465
3,Cora,metattack,10,node_homophily,0.740392561
3,Cora,metattack,10,class_homophily,0.678656717
3,Cora,metattack,10,adjusted_homophily,-0.152060416
3,Cora,metattack,10,balanced_homophily,0.30719403
3,Cora,metattack,15,edge_homophily,0.709288896
3,Cora,metattack,15,node_homophily,0.708488882
3,Cora,metattack,15,class_homophily,0.642924726
3,Cora,metattack,15,adjusted_homophily,-0.870528763
3,Cora,metattack,15,balanced_homophily,0.285754835
3,Cora,metattack,20,edge_homophily,0.68319341
3,Cora,metattack,20,node_homophily,0.684376722
3,Cora,metattack,20,class_homophily,0.612118281
3,Cora,metattack,20,adjusted_homophily,-2.733301984
3,Cora,metattack,20,balanced_homophily,0.267270968
3,Cora,minmax,1,edge_homophily,0.803921569
3,Cora,minmax,1,node_homophily,0.817149329
3,Cora,minmax,1,class_homophily,0.757702776
3,Cora,minmax,1,adjusted_homophily,0.438805895
3,Cora,minmax,1,balanced_homophily,0.354621665
3,Cora,minmax,5,edge_homophily,0.783929903
3,Cora,minmax,5,node_homophily,0.792401098
3,Cora,minmax,5,class_homophily,0.729984318
3,Cora,minmax,5,adjusted_homophily,0.356810581
3,Cora,minmax,5,balanced_homophily,0.337990591
3,Cora,minmax,10,edge_homophily,0.760376314
3,Cora,minmax,10,node_homophily,0.769191226
3,Cora,minmax,10,class_homophily,0.698530331
3,Cora,minmax,10,adjusted_homophily,0.254310615
3,Cora,minmax,10,balanced_homophily,0.319118199
3,Cora,minmax,15,edge_homophily,0.740775079
3,Cora,minmax,15,node_homophily,0.751216227
3,Cora,minmax,15,class_homophily,0.670509812
3,Cora,minmax,15,adjusted_homophily,0.22012837
3,Cora,minmax,15,balanced_homophily,0.302305887
3,Cora,minmax,20,edge_homophily,0.714752907
3,Cora,minmax,20,node_homophily,0.734150835
3,Cora,minmax,20,class_homophily,0.638231954
3,Cora,minmax,20,adjusted_homophily,0.069834389
3,Cora,minmax,20,balanced_homophily,0.282939172
3,Cora,nodeembeddingattack,1,edge_homophily,0.810753923
3,Cora,nodeembeddingattack,1,node_homophily,0.826300192
3,Cora,nodeembeddingattack,1,class_homophily,0.766542119
3,Cora,nodeembeddingattack,1,adjusted_homophily,0.485256313
3,Cora,nodeembeddingattack,1,balanced_homophily,0.359925271
3,Cora,nodeembeddingattack,5,edge_homophily,0.813160518
3,Cora,nodeembeddingattack,5,node_homophily,0.827289522
3,Cora,nodeembeddingattack,5,class_homophily,0.769631533
3,Cora,nodeembeddingattack,5,adjusted_homophily,0.555734713
3,Cora,nodeembeddingattack,5,balanced_homophily,0.36177892
3,Cora,nodeembeddingattack,10,edge_homophily,0.815407283
3,Cora,nodeembeddingattack,10,node_homophily,0.82918881
3,Cora,nodeembeddingattack,10,class_homophily,0.773121178
3,Cora,nodeembeddingattack,10,adjusted_homophily,0.617909079
3,Cora,nodeembeddingattack,10,balanced_homophily,0.363872707
3,Cora,nodeembeddingattack,15,edge_homophily,0.823267216
3,Cora,nodeembeddingattack,15,node_homophily,0.831683436
3,Cora,nodeembeddingattack,15,class_homophily,0.782829356
3,Cora,nodeembeddingattack,15,adjusted_homophily,0.670146051
3,Cora,nodeembeddingattack,15,balanced_homophily,0.369697613
3,Cora,nodeembeddingattack,20,edge_homophily,0.827373905
3,Cora,nodeembeddingattack,20,node_homophily,0.833218366
3,Cora,nodeembeddingattack,20,class_homophily,0.787280651
3,Cora,nodeembeddingattack,20,adjusted_homophily,0.706330231
3,Cora,nodeembeddingattack,20,balanced_homophily,0.37236839
3,Cora,pgd,1,edge_homophily,0.805550311
3,Cora,pgd,1,node_homophily,0.820329426
3,Cora,pgd,1,class_homophily,0.759821822
3,Cora,pgd,1,adjusted_homophily,0.445553328
3,Cora,pgd,1,balanced_homophily,0.355893093
3,Cora,pgd,5,edge_homophily,0.776580197
3,Cora,pgd,5,node_homophily,0.797194719
3,Cora,pgd,5,class_homophily,0.725342974
3,Cora,pgd,5,adjusted_homophily,0.272243335
3,Cora,pgd,5,balanced_homophily,0.335205785
3,Cora,pgd,10,edge_homophily,0.748580554
3,Cora,pgd,10,node_homophily,0.77322926
3,Cora,pgd,10,class_homophily,0.691313738
3,Cora,pgd,10,adjusted_homophily,0.077585347
3,Cora,pgd,10,balanced_homophily,0.314788243
3,Cora,pgd,15,edge_homophily,0.722665741
3,Cora,pgd,15,node_homophily,0.753480557
3,Cora,pgd,15,class_homophily,0.661079065
3,Cora,pgd,15,adjusted_homophily,-0.141573615
3,Cora,pgd,15,balanced_homophily,0.296647439
3,Cora,pgd,20,edge_homophily,0.701196581
3,Cora,pgd,20,node_homophily,0.734479896
3,Cora,pgd,20,class_homophily,0.628044228
3,Cora,pgd,20,adjusted_homophily,-0.252685135
3,Cora,pgd,20,balanced_homophily,0.276826537
3,Cora,random,1,edge_homophily,0.803939962
3,Cora,random,1,node_homophily,0.818007978
3,Cora,random,1,class_homophily,0.758400046
3,Cora,random,1,adjusted_homophily,0.428319446
3,Cora,random,1,balanced_homophily,0.355040028
3,Cora,random,5,edge_homophily,0.779823137
3,Cora,random,5,node_homophily,0.790916816
3,Cora,random,5,class_homophily,0.728979825
3,Cora,random,5,adjusted_homophily,0.236050606
3,Cora,random,5,balanced_homophily,0.337387895
3,Cora,random,10,edge_homophily,0.754521964
3,Cora,random,10,node_homophily,0.763809329
3,Cora,random,10,class_homophily,0.698303498
3,Cora,random,10,adjusted_homophily,-0.148745755
3,Cora,random,10,balanced_homophily,0.318982099
3,Cora,random,15,edge_homophily,0.731586752
3,Cora,random,15,node_homophily,0.737126524
3,Cora,random,15,class_homophily,0.671756036
3,Cora,random,15,adjusted_homophily,-0.917028276
3,Cora,random,15,balanced_homophily,0.303053622
3,Cora,random,20,edge_homophily,0.70519501
3,Cora,random,20,node_homophily,0.705442831
3,Cora,random,20,class_homophily,0.641687953
3,Cora,random,20,adjusted_homophily,-3.957991969
3,Cora,random,20,balanced_homophily,0.285012772
3,CiteSeer,CLGA,1,edge_homophily,0.540169824
3,CiteSeer,CLGA,1,node_homophily,0.513113393
3,CiteSeer,CLGA,1,class_homophily,0.5302387
3,CiteSeer,CLGA,1,adjusted_homophily,0.381111776
3,CiteSeer,CLGA,1,balanced_homophily,0.1831425
3,CiteSeer,CLGA,5,edge_homophily,0.527560718
3,CiteSeer,CLGA,5,node_homophily,0.50308152
3,CiteSeer,CLGA,5,class_homophily,0.516580941
3,CiteSeer,CLGA,5,adjusted_homophily,0.352827713
3,CiteSeer,CLGA,5,balanced_homophily,0.1746064
3,CiteSeer,CLGA,10,edge_homophily,0.515274125
3,CiteSeer,CLGA,10,node_homophily,0.493395456
3,CiteSeer,CLGA,10,class_homophily,0.499197189
3,CiteSeer,CLGA,10,adjusted_homophily,0.314055853
3,CiteSeer,CLGA,10,balanced_homophily,0.163741556
3,CiteSeer,CLGA,15,edge_homophily,0.503115265
3,CiteSeer,CLGA,15,node_homophily,0.483475179
3,CiteSeer,CLGA,15,class_homophily,0.482262094
3,CiteSeer,CLGA,15,adjusted_homophily,0.273940092
3,CiteSeer,CLGA,15,balanced_homophily,0.153157121
3,CiteSeer,CLGA,20,edge_homophily,0.48934181
3,CiteSeer,CLGA,20,node_homophily,0.470711501
3,CiteSeer,CLGA,20,class_homophily,0.463050359
3,CiteSeer,CLGA,20,adjusted_homophily,0.226337751
3,CiteSeer,CLGA,20,balanced_homophily,0.141149787
3,CiteSeer,dice,1,edge_homophily,0.539846323
3,CiteSeer,dice,1,node_homophily,0.51059655
3,CiteSeer,dice,1,class_homophily,0.529990838
3,CiteSeer,dice,1,adjusted_homophily,0.384004816
3,CiteSeer,dice,1,balanced_homophily,0.182987586
3,CiteSeer,dice,5,edge_homophily,0.52794345
3,CiteSeer,dice,5,node_homophily,0.495935587
3,CiteSeer,dice,5,class_homophily,0.51153836
3,CiteSeer,dice,5,adjusted_homophily,0.370961869
3,CiteSeer,dice,5,balanced_homophily,0.171454787
3,CiteSeer,dice,10,edge_homophily,0.505812678
3,CiteSeer,dice,10,node_homophily,0.474846198
3,CiteSeer,dice,10,class_homophily,0.481565324
3,CiteSeer,dice,10,adjusted_homophily,0.339799126
3,CiteSeer,dice,10,balanced_homophily,0.15272164
3,CiteSeer,dice,15,edge_homophily,0.493147657
3,CiteSeer,dice,15,node_homophily,0.460301696
3,CiteSeer,dice,15,class_homophily,0.464144978
3,CiteSeer,dice,15,adjusted_homophily,0.32815069
3,CiteSeer,dice,15,balanced_homophily,0.141833924
3,CiteSeer,dice,20,edge_homophily,0.47130968
3,CiteSeer,dice,20,node_homophily,0.432905426
3,CiteSeer,dice,20,class_homophily,0.432641812
3,CiteSeer,dice,20,adjusted_homophily,0.297024681
3,CiteSeer,dice,20,balanced_homophily,0.122144445
3,CiteSeer,metattack,1,edge_homophily,0.538177072
3,CiteSeer,metattack,1,node_homophily,0.509534548
3,CiteSeer,metattack,1,class_homophily,0.525963857
3,CiteSeer,metattack,1,adjusted_homophily,0.377681536
3,CiteSeer,metattack,1,balanced_homophily,0.180470723
3,CiteSeer,metattack,5,edge_homophily,0.519564763
3,CiteSeer,metattack,5,node_homophily,0.489967371
3,CiteSeer,metattack,5,class_homophily,0.496634397
3,CiteSeer,metattack,5,adjusted_homophily,0.333172366
3,CiteSeer,metattack,5,balanced_homophily,0.16213981
3,CiteSeer,metattack,10,edge_homophily,0.498701817
3,CiteSeer,metattack,10,node_homophily,0.461837495
3,CiteSeer,metattack,10,class_homophily,0.462693714
3,CiteSeer,metattack,10,adjusted_homophily,0.276079948
3,CiteSeer,metattack,10,balanced_homophily,0.140926884
3,CiteSeer,metattack,15,edge_homophily,0.480512037
3,CiteSeer,metattack,15,node_homophily,0.443159746
3,CiteSeer,metattack,15,class_homophily,0.438034547
3,CiteSeer,metattack,15,adjusted_homophily,0.219542867
3,CiteSeer,metattack,15,balanced_homophily,0.125514904
3,CiteSeer,metattack,20,edge_homophily,0.46246796
3,CiteSeer,metattack,20,node_homophily,0.425020704
3,CiteSeer,metattack,20,class_homophily,0.411287806
3,CiteSeer,metattack,20,adjusted_homophily,0.153859276
3,CiteSeer,metattack,20,balanced_homophily,0.108798191
3,CiteSeer,minmax,1,edge_homophily,0.539588801
3,CiteSeer,minmax,1,node_homophily,0.509852379
3,CiteSeer,minmax,1,class_homophily,0.528227876
3,CiteSeer,minmax,1,adjusted_homophily,0.381664353
3,CiteSeer,minmax,1,balanced_homophily,0.181885735
3,CiteSeer,minmax,5,edge_homophily,0.522886949
3,CiteSeer,minmax,5,node_homophily,0.497468712
3,CiteSeer,minmax,5,class_homophily,0.500941274
3,CiteSeer,minmax,5,adjusted_homophily,0.346038786
3,CiteSeer,minmax,5,balanced_homophily,0.164831608
3,CiteSeer,minmax,10,edge_homophily,0.509010897
3,CiteSeer,minmax,10,node_homophily,0.4895499
3,CiteSeer,minmax,10,class_homophily,0.47849961
3,CiteSeer,minmax,10,adjusted_homophily,0.318995269
3,CiteSeer,minmax,10,balanced_homophily,0.150805568
3,CiteSeer,minmax,15,edge_homophily,0.493085655
3,CiteSeer,minmax,15,node_homophily,0.480454828
3,CiteSeer,minmax,15,class_homophily,0.45322256
3,CiteSeer,minmax,15,adjusted_homophily,0.288130266
3,CiteSeer,minmax,15,balanced_homophily,0.135007412
3,CiteSeer,minmax,20,edge_homophily,0.476669348
3,CiteSeer,minmax,20,node_homophily,0.47184756
3,CiteSeer,minmax,20,class_homophily,0.433297996
3,CiteSeer,minmax,20,adjusted_homophily,0.248994434
3,CiteSeer,minmax,20,balanced_homophily,0.12255456
3,CiteSeer,nodeembeddingattack,1,edge_homophily,0.543376969
3,CiteSeer,nodeembeddingattack,1,node_homophily,0.51495872
3,CiteSeer,nodeembeddingattack,1,class_homophily,0.53479263
3,CiteSeer,nodeembeddingattack,1,adjusted_homophily,0.39246529
3,CiteSeer,nodeembeddingattack,1,balanced_homophily,0.185988706
3,CiteSeer,nodeembeddingattack,5,edge_homophily,0.545895954
3,CiteSeer,nodeembeddingattack,5,node_homophily,0.514725607
3,CiteSeer,nodeembeddingattack,5,class_homophily,0.537460878
3,CiteSeer,nodeembeddingattack,5,adjusted_homophily,0.409155156
3,CiteSeer,nodeembeddingattack,5,balanced_homophily,0.187656361
3,CiteSeer,nodeembeddingattack,10,edge_homophily,0.547717842
3,CiteSeer,nodeembeddingattack,10,node_homophily,0.514522563
3,CiteSeer,nodeembeddingattack,10,class_homophily,0.540757426
3,CiteSeer,nodeembeddingattack,10,adjusted_homophily,0.42890636
3,CiteSeer,nodeembeddingattack,10,balanced_homophily,0.189716703
3,CiteSeer,nodeembeddingattack,15,edge_homophily,0.547803618
3,CiteSeer,nodeembeddingattack,15,node_homophily,0.515292395
3,CiteSeer,nodeembeddingattack,15,class_homophily,0.54123779
3,CiteSeer,nodeembeddingattack,15,adjusted_homophily,0.446294533
3,CiteSeer,nodeembeddingattack,15,balanced_homophily,0.190016931
3,CiteSeer,nodeembeddingattack,20,edge_homophily,0.546128501
3,CiteSeer,nodeembeddingattack,20,node_homophily,0.513042233
3,CiteSeer,nodeembeddingattack,20,class_homophily,0.543583176
3,CiteSeer,nodeembeddingattack,20,adjusted_homophily,0.458994975
3,CiteSeer,nodeembeddingattack,20,balanced_homophily,0.191482797
3,CiteSeer,pgd,1,edge_homophily,0.53962017
3,CiteSeer,pgd,1,node_homophily,0.511956237
3,CiteSeer,pgd,1,class_homophily,0.528991611
3,CiteSeer,pgd,1,adjusted_homophily,0.381074914
3,CiteSeer,pgd,1,balanced_homophily,0.182363069
3,CiteSeer,pgd,5,edge_homophily,0.523759016
3,CiteSeer,pgd,5,node_homophily,0.50318149
3,CiteSeer,pgd,5,class_homophily,0.502455882
3,CiteSeer,pgd,5,adjusted_homophily,0.347904594
3,CiteSeer,pgd,5,balanced_homophily,0.165778239
3,CiteSeer,pgd,10,edge_homophily,0.503973915
3,CiteSeer,pgd,10,node_homophily,0.493721865
3,CiteSeer,pgd,10,class_homophily,0.474519547
3,CiteSeer,pgd,10,adjusted_homophily,0.297566386
3,CiteSeer,pgd,10,balanced_homophily,0.148318029
3,CiteSeer,pgd,15,edge_homophily,0.486385162
3,CiteSeer,pgd,15,node_homophily,0.482510063
3,CiteSeer,pgd,15,class_homophily,0.446500766
3,CiteSeer,pgd,15,adjusted_homophily,0.253393629
3,CiteSeer,pgd,15,balanced_homophily,0.130806291
3,CiteSeer,pgd,20,edge_homophily,0.469098469
3,CiteSeer,pgd,20,node_homophily,0.472414338
3,CiteSeer,pgd,20,class_homophily,0.422668106
3,CiteSeer,pgd,20,adjusted_homophily,0.197758321
3,CiteSeer,pgd,20,balanced_homophily,0.115910878
3,CiteSeer,random,1,edge_homophily,0.539917337
3,CiteSeer,random,1,node_homophily,0.511852483
3,CiteSeer,random,1,class_homophily,0.529363758
3,CiteSeer,random,1,adjusted_homophily,0.380149155
3,CiteSeer,random,1,balanced_homophily,0.182595661
3,CiteSeer,random,5,edge_homophily,0.525423729
3,CiteSeer,random,5,node_homophily,0.499624365
3,CiteSeer,random,5,class_homophily,0.509334797
3,CiteSeer,random,5,adjusted_homophily,0.34396563
3,CiteSeer,random,5,balanced_homophily,0.17007756
3,CiteSeer,random,10,edge_homophily,0.508088676
3,CiteSeer,random,10,node_homophily,0.484764138
3,CiteSeer,random,10,class_homophily,0.486856455
3,CiteSeer,random,10,adjusted_homophily,0.295633123
3,CiteSeer,random,10,balanced_homophily,0.156028597
3,CiteSeer,random,15,edge_homophily,0.495796714
3,CiteSeer,random,15,node_homophily,0.471103506
3,CiteSeer,random,15,class_homophily,0.466950992
3,CiteSeer,random,15,adjusted_homophily,0.248967438
3,CiteSeer,random,15,balanced_homophily,0.143587682
3,CiteSeer,random,20,edge_homophily,0.481874771
3,CiteSeer,random,20,node_homophily,0.461703007
3,CiteSeer,random,20,class_homophily,0.450243336
3,CiteSeer,random,20,adjusted_homophily,0.194459802
3,CiteSeer,random,20,balanced_homophily,0.133145397
4,Cora,CLGA,1,edge_homophily,0.803906837
4,Cora,CLGA,1,node_homophily,0.813934029
4,Cora,CLGA,1,class_homophily,0.758274825
4,Cora,CLGA,1,adjusted_homophily,0.428390251
4,Cora,CLGA,1,balanced_homophily,0.354964895
4,Cora,CLGA,5,edge_homophily,0.784637734
4,Cora,CLGA,5,node_homophily,0.780683343
4,Cora,CLGA,5,class_homophily,0.73561172
4,Cora,CLGA,5,adjusted_homophily,0.264062113
4,Cora,CLGA,5,balanced_homophily,0.341367032
4,Cora,CLGA,10,edge_homophily,0.757898412
4,Cora,CLGA,10,node_homophily,0.742504285
4,Cora,CLGA,10,class_homophily,0.705216675
4,Cora,CLGA,10,adjusted_homophily,-0.051649605
4,Cora,CLGA,10,balanced_homophily,0.323130005
4,Cora,CLGA,15,edge_homophily,0.733937259
4,Cora,CLGA,15,node_homophily,0.715024193
4,Cora,CLGA,15,class_homophily,0.676787948
4,Cora,CLGA,15,adjusted_homophily,-0.640813988
4,Cora,CLGA,15,balanced_homophily,0.306072769
4,Cora,CLGA,20,edge_homophily,0.715394567
4,Cora,CLGA,20,node_homophily,0.693490621
4,Cora,CLGA,20,class_homophily,0.654267638
4,Cora,CLGA,20,adjusted_homophily,-1.994970007
4,Cora,CLGA,20,balanced_homophily,0.292560583
4,Cora,dice,1,edge_homophily,0.804693414
4,Cora,dice,1,node_homophily,0.818574122
4,Cora,dice,1,class_homophily,0.759505466
4,Cora,dice,1,adjusted_homophily,0.448721931
4,Cora,dice,1,balanced_homophily,0.35570328
4,Cora,dice,5,edge_homophily,0.786189842
4,Cora,dice,5,node_homophily,0.794798524
4,Cora,dice,5,class_homophily,0.737947989
4,Cora,dice,5,adjusted_homophily,0.40754888
4,Cora,dice,5,balanced_homophily,0.342768793
4,Cora,dice,10,edge_homophily,0.761080464
4,Cora,dice,10,node_homophily,0.767872716
4,Cora,dice,10,class_homophily,0.707989369
4,Cora,dice,10,adjusted_homophily,0.337654549
4,Cora,dice,10,balanced_homophily,0.324793621
4,Cora,dice,15,edge_homophily,0.734189164
4,Cora,dice,15,node_homophily,0.736132739
4,Cora,dice,15,class_homophily,0.677646628
4,Cora,dice,15,adjusted_homophily,0.243746991
4,Cora,dice,15,balanced_homophily,0.306587977
4,Cora,dice,20,edge_homophily,0.708403835
4,Cora,dice,20,node_homophily,0.708037663
4,Cora,dice,20,class_homophily,0.647075633
4,Cora,dice,20,adjusted_homophily,0.150930395
4,Cora,dice,20,balanced_homophily,0.28824538
4,Cora,metattack,1,edge_homophily,0.80206379
4,Cora,metattack,1,node_homophily,0.812405489
4,Cora,metattack,1,class_homophily,0.755855174
4,Cora,metattack,1,adjusted_homophily,0.422492551
4,Cora,metattack,1,balanced_homophily,0.353513104
4,Cora,metattack,5,edge_homophily,0.772243277
4,Cora,metattack,5,node_homophily,0.77691907
4,Cora,metattack,5,class_homophily,0.718916853
4,Cora,metattack,5,adjusted_homophily,0.220266453
4,Cora,metattack,5,balanced_homophily,0.331350112
4,Cora,metattack,10,edge_homophily,0.737894193
4,Cora,metattack,10,node_homophily,0.739212169
4,Cora,metattack,10,class_homophily,0.677543956
4,Cora,metattack,10,adjusted_homophily,-0.159144494
4,Cora,metattack,10,balanced_homophily,0.306526374
4,Cora,metattack,15,edge_homophily,0.710018155
4,Cora,metattack,15,node_homophily,0.71079129
4,Cora,metattack,15,class_homophily,0.643536318
4,Cora,metattack,15,adjusted_homophily,-0.843044836
4,Cora,metattack,15,balanced_homophily,0.286121791
4,Cora,metattack,20,edge_homophily,0.682602501
4,Cora,metattack,20,node_homophily,0.682280685
4,Cora,metattack,20,class_homophily,0.611921369
4,Cora,metattack,20,adjusted_homophily,-2.83733046
4,Cora,metattack,20,balanced_homophily,0.267152821
4,Cora,minmax,1,edge_homophily,0.80403241
4,Cora,minmax,1,node_homophily,0.817291608
4,Cora,minmax,1,class_homophily,0.757448703
4,Cora,minmax,1,adjusted_homophily,0.438154126
4,Cora,minmax,1,balanced_homophily,0.354469222
4,Cora,minmax,5,edge_homophily,0.780713098
4,Cora,minmax,5,node_homophily,0.793984694
4,Cora,minmax,5,class_homophily,0.727169912
4,Cora,minmax,5,adjusted_homophily,0.324152992
4,Cora,minmax,5,balanced_homophily,0.336301947
4,Cora,minmax,10,edge_homophily,0.76066482
4,Cora,minmax,10,node_homophily,0.772176605
4,Cora,minmax,10,class_homophily,0.699487533
4,Cora,minmax,10,adjusted_homophily,0.258930735
4,Cora,minmax,10,balanced_homophily,0.31969252
4,Cora,minmax,15,edge_homophily,0.741366506
4,Cora,minmax,15,node_homophily,0.754148484
4,Cora,minmax,15,class_homophily,0.672354977
4,Cora,minmax,15,adjusted_homophily,0.224509615
4,Cora,minmax,15,balanced_homophily,0.303412986
4,Cora,minmax,20,edge_homophily,0.714389535
4,Cora,minmax,20,node_homophily,0.735257827
4,Cora,minmax,20,class_homophily,0.639354965
4,Cora,minmax,20,adjusted_homophily,0.065774927
4,Cora,minmax,20,balanced_homophily,0.283612979
4,Cora,nodeembeddingattack,1,edge_homophily,0.810753923
4,Cora,nodeembeddingattack,1,node_homophily,0.825985283
4,Cora,nodeembeddingattack,1,class_homophily,0.766905813
4,Cora,nodeembeddingattack,1,adjusted_homophily,0.485720791
4,Cora,nodeembeddingattack,1,balanced_homophily,0.360143488
4,Cora,nodeembeddingattack,5,edge_homophily,0.812562313
4,Cora,nodeembeddingattack,5,node_homophily,0.826851975
4,Cora,nodeembeddingattack,5,class_homophily,0.769392444
4,Cora,nodeembeddingattack,5,adjusted_homophily,0.555561578
4,Cora,nodeembeddingattack,5,balanced_homophily,0.361635466
4,Cora,nodeembeddingattack,10,edge_homophily,0.818564513
4,Cora,nodeembeddingattack,10,node_homophily,0.829697149
4,Cora,nodeembeddingattack,10,class_homophily,0.776684074
4,Cora,nodeembeddingattack,10,adjusted_homophily,0.62243559
4,Cora,nodeembeddingattack,10,balanced_homophily,0.366010445
4,Cora,nodeembeddingattack,15,edge_homophily,0.821707154
4,Cora,nodeembeddingattack,15,node_homophily,0.829497344
4,Cora,nodeembeddingattack,15,class_homophily,0.781192973
4,Cora,nodeembeddingattack,15,adjusted_homophily,0.666118993
4,Cora,nodeembeddingattack,15,balanced_homophily,0.368715784
4,Cora,nodeembeddingattack,20,edge_homophily,0.831636278
4,Cora,nodeembeddingattack,20,node_homophily,0.833712513
4,Cora,nodeembeddingattack,20,class_homophily,0.79378529
4,Cora,nodeembeddingattack,20,adjusted_homophily,0.714305899
4,Cora,nodeembeddingattack,20,balanced_homophily,0.376271174
4,Cora,pgd,1,edge_homophily,0.804524034
4,Cora,pgd,1,node_homophily,0.819662092
4,Cora,pgd,1,class_homophily,0.760257522
4,Cora,pgd,1,adjusted_homophily,0.437652963
4,Cora,pgd,1,balanced_homophily,0.356154513
4,Cora,pgd,5,edge_homophily,0.778083196
4,Cora,pgd,5,node_homophily,0.796298223
4,Cora,pgd,5,class_homophily,0.728070657
4,Cora,pgd,5,adjusted_homophily,0.28509022
4,Cora,pgd,5,balanced_homophily,0.336842394
4,Cora,pgd,10,edge_homophily,0.749244713
4,Cora,pgd,10,node_homophily,0.774163472
4,Cora,pgd,10,class_homophily,0.691165045
4,Cora,pgd,10,adjusted_homophily,0.088972541
4,Cora,pgd,10,balanced_homophily,0.314699027
4,Cora,pgd,15,edge_homophily,0.726699369
4,Cora,pgd,15,node_homophily,0.748571762
4,Cora,pgd,15,class_homophily,0.661681786
4,Cora,pgd,15,adjusted_homophily,-0.043569237
4,Cora,pgd,15,balanced_homophily,0.297009072
4,Cora,pgd,20,edge_homophily,0.700650017
4,Cora,pgd,20,node_homophily,0.731894185
4,Cora,pgd,20,class_homophily,0.630027115
4,Cora,pgd,20,adjusted_homophily,-0.274574157
4,Cora,pgd,20,balanced_homophily,0.278016269
4,Cora,random,1,edge_homophily,0.802814259
4,Cora,random,1,node_homophily,0.817936663
4,Cora,random,1,class_homophily,0.757626666
4,Cora,random,1,adjusted_homophily,0.422617891
4,Cora,random,1,balanced_homophily,0.354576
4,Cora,random,5,edge_homophily,0.779281718
4,Cora,random,5,node_homophily,0.792015837
4,Cora,random,5,class_homophily,0.728841191
4,Cora,random,5,adjusted_homophily,0.231010231
4,Cora,random,5,balanced_homophily,0.337304715
4,Cora,random,10,edge_homophily,0.753316107
4,Cora,random,10,node_homophily,0.763232822
4,Cora,random,10,class_homophily,0.698673653
4,Cora,random,10,adjusted_homophily,-0.140780331
4,Cora,random,10,balanced_homophily,0.319204192
4,Cora,random,15,edge_homophily,0.727302686
4,Cora,random,15,node_homophily,0.734762721
4,Cora,random,15,class_homophily,0.665937693
4,Cora,random,15,adjusted_homophily,-0.916128152
4,Cora,random,15,balanced_homophily,0.299562616
4,Cora,random,20,edge_homophily,0.702984368
4,Cora,random,20,node_homophily,0.705366464
4,Cora,random,20,class_homophily,0.636865313
4,Cora,random,20,adjusted_homophily,-3.663743305
4,Cora,random,20,balanced_homophily,0.282119188
4,CiteSeer,CLGA,1,edge_homophily,0.540475671
4,CiteSeer,CLGA,1,node_homophily,0.511950686
4,CiteSeer,CLGA,1,class_homophily,0.530675468
4,CiteSeer,CLGA,1,adjusted_homophily,0.383110096
4,CiteSeer,CLGA,1,balanced_homophily,0.18341548
4,CiteSeer,CLGA,5,edge_homophily,0.531296414
4,CiteSeer,CLGA,5,node_homophily,0.504829516
4,CiteSeer,CLGA,5,class_homophily,0.519134938
4,CiteSeer,CLGA,5,adjusted_homophily,0.360470674
4,CiteSeer,CLGA,5,balanced_homophily,0.176202649
4,CiteSeer,CLGA,10,edge_homophily,0.516017139
4,CiteSeer,CLGA,10,node_homophily,0.491367293
4,CiteSeer,CLGA,10,class_homophily,0.498944187
4,CiteSeer,CLGA,10,adjusted_homophily,0.321731209
4,CiteSeer,CLGA,10,balanced_homophily,0.163583429
4,CiteSeer,CLGA,15,edge_homophily,0.503133568
4,CiteSeer,CLGA,15,node_homophily,0.479285307
4,CiteSeer,CLGA,15,class_homophily,0.480301897
4,CiteSeer,CLGA,15,adjusted_homophily,0.281114099
4,CiteSeer,CLGA,15,balanced_homophily,0.151931998
4,CiteSeer,CLGA,20,edge_homophily,0.49038824
4,CiteSeer,CLGA,20,node_homophily,0.469222979
4,CiteSeer,CLGA,20,class_homophily,0.462299573
4,CiteSeer,CLGA,20,adjusted_homophily,0.23787474
4,CiteSeer,CLGA,20,balanced_homophily,0.140680546
4,CiteSeer,dice,1,edge_homophily,0.539766468
4,CiteSeer,dice,1,node_homophily,0.509607502
4,CiteSeer,dice,1,class_homophily,0.530443893
4,CiteSeer,dice,1,adjusted_homophily,0.385587266
4,CiteSeer,dice,1,balanced_homophily,0.183270746
4,CiteSeer,dice,5,edge_homophily,0.525408942
4,CiteSeer,dice,5,node_homophily,0.492722055
4,CiteSeer,dice,5,class_homophily,0.507497952
4,CiteSeer,dice,5,adjusted_homophily,0.362584329
4,CiteSeer,dice,5,balanced_homophily,0.168929533
4,CiteSeer,dice,10,edge_homophily,0.508247196
4,CiteSeer,dice,10,node_homophily,0.474776498
4,CiteSeer,dice,10,class_homophily,0.484269497
4,CiteSeer,dice,10,adjusted_homophily,0.345287173
4,CiteSeer,dice,10,balanced_homophily,0.154411748
4,CiteSeer,dice,15,edge_homophily,0.489125707
4,CiteSeer,dice,15,node_homophily,0.453764259
4,CiteSeer,dice,15,class_homophily,0.457923952
4,CiteSeer,dice,15,adjusted_homophily,0.314417467
4,CiteSeer,dice,15,balanced_homophily,0.137945782
4,CiteSeer,dice,20,edge_homophily,0.475615114
4,CiteSeer,dice,20,node_homophily,0.439180677
4,CiteSeer,dice,20,class_homophily,0.437623142
4,CiteSeer,dice,20,adjusted_homophily,0.304712797
4,CiteSeer,dice,20,balanced_homophily,0.125257776
4,CiteSeer,metattack,1,edge_homophily,0.538394605
4,CiteSeer,metattack,1,node_homophily,0.510160738
4,CiteSeer,metattack,1,class_homophily,0.525882574
4,CiteSeer,metattack,1,adjusted_homophily,0.377985477
4,CiteSeer,metattack,1,balanced_homophily,0.180419921
4,CiteSeer,metattack,5,edge_homophily,0.519355514
4,CiteSeer,metattack,5,node_homophily,0.489135791
4,CiteSeer,metattack,5,class_homophily,0.495584288
4,CiteSeer,metattack,5,adjusted_homophily,0.333107574
4,CiteSeer,metattack,5,balanced_homophily,0.161483492
4,CiteSeer,metattack,10,edge_homophily,0.497902936
4,CiteSeer,metattack,10,node_homophily,0.45999614
4,CiteSeer,metattack,10,class_homophily,0.462195632
4,CiteSeer,metattack,10,adjusted_homophily,0.275202404
4,CiteSeer,metattack,10,balanced_homophily,0.140615582
4,CiteSeer,metattack,15,edge_homophily,0.477837218
4,CiteSeer,metattack,15,node_homophily,0.438476865
4,CiteSeer,metattack,15,class_homophily,0.434566664
4,CiteSeer,metattack,15,adjusted_homophily,0.215053776
4,CiteSeer,metattack,15,balanced_homophily,0.123347477
4,CiteSeer,metattack,20,edge_homophily,0.464115709
4,CiteSeer,metattack,20,node_homophily,0.4260179
4,CiteSeer,metattack,20,class_homophily,0.41643201
4,CiteSeer,metattack,20,adjusted_homophily,0.157061247
4,CiteSeer,metattack,20,balanced_homophily,0.112013319
4,CiteSeer,minmax,1,edge_homophily,0.539488077
4,CiteSeer,minmax,1,node_homophily,0.510660628
4,CiteSeer,minmax,1,class_homophily,0.527847147
4,CiteSeer,minmax,1,adjusted_homophily,0.381421247
4,CiteSeer,minmax,1,balanced_homophily,0.181647779
4,CiteSeer,minmax,5,edge_homophily,0.522054123
4,CiteSeer,minmax,5,node_homophily,0.496014392
4,CiteSeer,minmax,5,class_homophily,0.498510464
4,CiteSeer,minmax,5,adjusted_homophily,0.347875714
4,CiteSeer,minmax,5,balanced_homophily,0.163312353
4,CiteSeer,minmax,10,edge_homophily,0.505291554
4,CiteSeer,minmax,10,node_homophily,0.488868773
4,CiteSeer,minmax,10,class_homophily,0.473576479
4,CiteSeer,minmax,10,adjusted_homophily,0.309179936
4,CiteSeer,minmax,10,balanced_homophily,0.147728612
4,CiteSeer,minmax,15,edge_homophily,0.494312306
4,CiteSeer,minmax,15,node_homophily,0.480825552
4,CiteSeer,minmax,15,class_homophily,0.455337717
4,CiteSeer,minmax,15,adjusted_homophily,0.288344207
4,CiteSeer,minmax,15,balanced_homophily,0.136329385
4,CiteSeer,minmax,20,edge_homophily,0.479418886
4,CiteSeer,minmax,20,node_homophily,0.472079307
4,CiteSeer,minmax,20,class_homophily,0.433873848
4,CiteSeer,minmax,20,adjusted_homophily,0.256537314
4,CiteSeer,minmax,20,balanced_homophily,0.122914468
4,CiteSeer,nodeembeddingattack,1,edge_homophily,0.5440426
4,CiteSeer,nodeembeddingattack,1,node_homophily,0.515390067
4,CiteSeer,nodeembeddingattack,1,class_homophily,0.535563526
4,CiteSeer,nodeembeddingattack,1,adjusted_homophily,0.393397465
4,CiteSeer,nodeembeddingattack,1,balanced_homophily,0.186470516
4,CiteSeer,nodeembeddingattack,5,edge_homophily,0.547283237
4,CiteSeer,nodeembeddingattack,5,node_homophily,0.51710968
4,CiteSeer,nodeembeddingattack,5,class_homophily,0.53864041
4,CiteSeer,nodeembeddingattack,5,adjusted_homophily,0.411594515
4,CiteSeer,nodeembeddingattack,5,balanced_homophily,0.188393568
4,CiteSeer,nodeembeddingattack,10,edge_homophily,0.54942641
4,CiteSeer,nodeembeddingattack,10,node_homophily,0.516817434
4,CiteSeer,nodeembeddingattack,10,class_homophily,0.542467757
4,CiteSeer,nodeembeddingattack,10,adjusted_homophily,0.430450148
4,CiteSeer,nodeembeddingattack,10,balanced_homophily,0.190785661
4,CiteSeer,nodeembeddingattack,15,edge_homophily,0.544186047
4,CiteSeer,nodeembeddingattack,15,node_homophily,0.512873661
4,CiteSeer,nodeembeddingattack,15,class_homophily,0.538392279
4,CiteSeer,nodeembeddingattack,15,adjusted_homophily,0.440910803
4,CiteSeer,nodeembeddingattack,15,balanced_homophily,0.188238487
4,CiteSeer,nodeembeddingattack,20,edge_homophily,0.544755629
4,CiteSeer,nodeembeddingattack,20,node_homophily,0.513303702
4,CiteSeer,nodeembeddingattack,20,class_homophily,0.544208251
4,CiteSeer,nodeembeddingattack,20,adjusted_homophily,0.458209062
4,CiteSeer,nodeembeddingattack,20,balanced_homophily,0.191873469
4,CiteSeer,pgd,1,edge_homophily,0.539183584
4,CiteSeer,pgd,1,node_homophily,0.511550983
4,CiteSeer,pgd,1,class_homophily,0.527856352
4,CiteSeer,pgd,1,adjusted_homophily,0.380562628
4,CiteSeer,pgd,1,balanced_homophily,0.181653532
4,CiteSeer,pgd,5,edge_homophily,0.522539683
4,CiteSeer,pgd,5,node_homophily,0.502033846
4,CiteSeer,pgd,5,class_homophily,0.50288767
4,CiteSeer,pgd,5,adjusted_homophily,0.342747201
4,CiteSeer,pgd,5,balanced_homophily,0.166048106
4,CiteSeer,pgd,10,edge_homophily,0.502951354
4,CiteSeer,pgd,10,node_homophily,0.4880331
4,CiteSeer,pgd,10,class_homophily,0.471382423
4,CiteSeer,pgd,10,adjusted_homophily,0.2970859
4,CiteSeer,pgd,10,balanced_homophily,0.146357327
4,CiteSeer,pgd,15,edge_homophily,0.48688332
4,CiteSeer,pgd,15,node_homophily,0.482595146
4,CiteSeer,pgd,15,class_homophily,0.448294656
4,CiteSeer,pgd,15,adjusted_homophily,0.250779511
4,CiteSeer,pgd,15,balanced_homophily,0.131927472
4,CiteSeer,pgd,20,edge_homophily,0.464724797
4,CiteSeer,pgd,20,node_homophily,0.469460169
4,CiteSeer,pgd,20,class_homophily,0.414649373
4,CiteSeer,pgd,20,adjusted_homophily,0.192560501
4,CiteSeer,pgd,20,balanced_homophily,0.11089917
4,CiteSeer,random,1,edge_homophily,0.540134871
4,CiteSeer,random,1,node_homophily,0.51168418
4,CiteSeer,random,1,class_homophily,0.529269039
4,CiteSeer,random,1,adjusted_homophily,0.380390324
4,CiteSeer,random,1,balanced_homophily,0.182536462
4,CiteSeer,random,5,edge_homophily,0.525423729
4,CiteSeer,random,5,node_homophily,0.497411279
4,CiteSeer,random,5,class_homophily,0.508821226
4,CiteSeer,random,5,adjusted_homophily,0.343748035
4,CiteSeer,random,5,balanced_homophily,0.169756579
4,CiteSeer,random,10,edge_homophily,0.508088676
4,CiteSeer,random,10,node_homophily,0.483040213
4,CiteSeer,random,10,class_homophily,0.483212253
4,CiteSeer,random,10,adjusted_homophily,0.295360871
4,CiteSeer,random,10,balanced_homophily,0.15375097
4,CiteSeer,random,15,edge_homophily,0.49503248
4,CiteSeer,random,15,node_homophily,0.470526664
4,CiteSeer,random,15,class_homophily,0.466410396
4,CiteSeer,random,15,adjusted_homophily,0.249140112
4,CiteSeer,random,15,balanced_homophily,0.14324981
4,CiteSeer,random,20,edge_homophily,0.476565361
4,CiteSeer,random,20,node_homophily,0.454817245
4,CiteSeer,random,20,class_homophily,0.439848247
4,CiteSeer,random,20,adjusted_homophily,0.188545946
4,CiteSeer,random,20,balanced_homophily,0.126648466
5,Cora,CLGA,1,edge_homophily,0.804772642
5,Cora,CLGA,1,node_homophily,0.815338157
5,Cora,CLGA,1,class_homophily,0.759156034
5,Cora,CLGA,1,adjusted_homophily,0.432483488
5,Cora,CLGA,1,balanced_homophily,0.355493621
5,Cora,CLGA,5,edge_homophily,0.787420237
5,Cora,CLGA,5,node_homophily,0.786087085
5,Cora,CLGA,5,class_homophily,0.738378543
5,Cora,CLGA,5,adjusted_homophily,0.287509682
5,Cora,CLGA,5,balanced_homophily,0.343027126
5,Cora,CLGA,10,edge_homophily,0.762121477
5,Cora,CLGA,10,node_homophily,0.74859685
5,Cora,CLGA,10,class_homophily,0.706124186
5,Cora,CLGA,10,adjusted_homophily,-0.010490844
5,Cora,CLGA,10,balanced_homophily,0.323674512
5,Cora,CLGA,15,edge_homophily,0.739949537
5,Cora,CLGA,15,node_homophily,0.721593219
5,Cora,CLGA,15,class_homophily,0.679844997
5,Cora,CLGA,15,adjusted_homophily,-0.519297111
5,Cora,CLGA,15,balanced_homophily,0.307906998
5,Cora,CLGA,20,edge_homophily,0.716553288
5,Cora,CLGA,20,node_homophily,0.694568208
5,Cora,CLGA,20,class_homophily,0.652437363
5,Cora,CLGA,20,adjusted_homophily,-1.794009731
5,Cora,CLGA,20,balanced_homophily,0.291462418
5,Cora,dice,1,edge_homophily,0.804578131
5,Cora,dice,1,node_homophily,0.819048132
5,Cora,dice,1,class_homophily,0.759908157
5,Cora,dice,1,adjusted_homophily,0.447387671
5,Cora,dice,1,balanced_homophily,0.355944894
5,Cora,dice,5,edge_homophily,0.784028695
5,Cora,dice,5,node_homophily,0.795273216
5,Cora,dice,5,class_homophily,0.735348712
5,Cora,dice,5,adjusted_homophily,0.380855068
5,Cora,dice,5,balanced_homophily,0.341209227
5,Cora,dice,10,edge_homophily,0.759992423
5,Cora,dice,10,node_homophily,0.768154561
5,Cora,dice,10,class_homophily,0.707518498
5,Cora,dice,10,adjusted_homophily,0.322627782
5,Cora,dice,10,balanced_homophily,0.324511099
5,Cora,dice,15,edge_homophily,0.734898693
5,Cora,dice,15,node_homophily,0.73937052
5,Cora,dice,15,class_homophily,0.676427819
5,Cora,dice,15,adjusted_homophily,0.254166943
5,Cora,dice,15,balanced_homophily,0.305856691
5,Cora,dice,20,edge_homophily,0.711666985
5,Cora,dice,20,node_homophily,0.710406327
5,Cora,dice,20,class_homophily,0.652868025
5,Cora,dice,20,adjusted_homophily,0.211026808
5,Cora,dice,20,balanced_homophily,0.291720815
5,Cora,metattack,1,edge_homophily,0.80206379
5,Cora,metattack,1,node_homophily,0.811986976
5,Cora,metattack,1,class_homophily,0.755897503
5,Cora,metattack,1,adjusted_homophily,0.422738529
5,Cora,metattack,1,balanced_homophily,0.353538502
5,Cora,metattack,5,edge_homophily,0.772243277
5,Cora,metattack,5,node_homophily,0.778021184
5,Cora,metattack,5,class_homophily,0.718603005
5,Cora,metattack,5,adjusted_homophily,0.220845904
5,Cora,metattack,5,balanced_homophily,0.331161803
5,Cora,metattack,10,edge_homophily,0.73927279
5,Cora,metattack,10,node_homophily,0.742139565
5,Cora,metattack,10,class_homophily,0.679257979
5,Cora,metattack,10,adjusted_homophily,-0.155732515
5,Cora,metattack,10,balanced_homophily,0.307554787
5,Cora,metattack,15,edge_homophily,0.71124319
5,Cora,metattack,15,node_homophily,0.712198356
5,Cora,metattack,15,class_homophily,0.644976751
5,Cora,metattack,15,adjusted_homophily,-0.842002297
5,Cora,metattack,15,balanced_homophily,0.286986051
5,Cora,metattack,20,edge_homophily,0.684285488
5,Cora,metattack,20,node_homophily,0.68513658
5,Cora,metattack,20,class_homophily,0.614185403
5,Cora,metattack,20,adjusted_homophily,-2.845886433
5,Cora,metattack,20,balanced_homophily,0.268511242
5,Cora,minmax,1,edge_homophily,0.80395853
5,Cora,minmax,1,node_homophily,0.818712734
5,Cora,minmax,1,class_homophily,0.759081841
5,Cora,minmax,1,adjusted_homophily,0.436632668
5,Cora,minmax,1,balanced_homophily,0.355449105
5,Cora,minmax,5,edge_homophily,0.782479584
5,Cora,minmax,5,node_homophily,0.794133187
5,Cora,minmax,5,class_homophily,0.727528776
5,Cora,minmax,5,adjusted_homophily,0.344283909
5,Cora,minmax,5,balanced_homophily,0.336517266
5,Cora,minmax,10,edge_homophily,0.760066494
5,Cora,minmax,10,node_homophily,0.770342179
5,Cora,minmax,10,class_homophily,0.697324554
5,Cora,minmax,10,adjusted_homophily,0.262181637
5,Cora,minmax,10,balanced_homophily,0.318394732
5,Cora,minmax,15,edge_homophily,0.743064606
5,Cora,minmax,15,node_homophily,0.754270637
5,Cora,minmax,15,class_homophily,0.674734418
5,Cora,minmax,15,adjusted_homophily,0.237129138
5,Cora,minmax,15,balanced_homophily,0.304840651
5,Cora,minmax,20,edge_homophily,0.716578515
5,Cora,minmax,20,node_homophily,0.735295166
5,Cora,minmax,20,class_homophily,0.641651668
5,Cora,minmax,20,adjusted_homophily,0.090708031
5,Cora,minmax,20,balanced_homophily,0.284991001
5,Cora,nodeembeddingattack,1,edge_homophily,0.810371221
5,Cora,nodeembeddingattack,1,node_homophily,0.82568108
5,Cora,nodeembeddingattack,1,class_homophily,0.766143776
5,Cora,nodeembeddingattack,1,adjusted_homophily,0.484815387
5,Cora,nodeembeddingattack,1,balanced_homophily,0.359686266
5,Cora,nodeembeddingattack,5,edge_homophily,0.815353938
5,Cora,nodeembeddingattack,5,node_homophily,0.829514558
5,Cora,nodeembeddingattack,5,class_homophily,0.771869361
5,Cora,nodeembeddingattack,5,adjusted_homophily,0.560853096
5,Cora,nodeembeddingattack,5,balanced_homophily,0.363121616
5,Cora,nodeembeddingattack,10,edge_homophily,0.817512103
5,Cora,nodeembeddingattack,10,node_homophily,0.828585229
5,Cora,nodeembeddingattack,10,class_homophily,0.776334945
5,Cora,nodeembeddingattack,10,adjusted_homophily,0.619864752
5,Cora,nodeembeddingattack,10,balanced_homophily,0.365800967
5,Cora,nodeembeddingattack,15,edge_homophily,0.820369958
5,Cora,nodeembeddingattack,15,node_homophily,0.829023622
5,Cora,nodeembeddingattack,15,class_homophily,0.7789009
5,Cora,nodeembeddingattack,15,adjusted_homophily,0.664601261
5,Cora,nodeembeddingattack,15,balanced_homophily,0.36734054
5,Cora,nodeembeddingattack,20,edge_homophily,0.830215487
5,Cora,nodeembeddingattack,20,node_homophily,0.833945265
5,Cora,nodeembeddingattack,20,class_homophily,0.790903371
5,Cora,nodeembeddingattack,20,adjusted_homophily,0.711937905
5,Cora,nodeembeddingattack,20,balanced_homophily,0.374542023
5,Cora,pgd,1,edge_homophily,0.804294594
5,Cora,pgd,1,node_homophily,0.819111609
5,Cora,pgd,1,class_homophily,0.759205974
5,Cora,pgd,1,adjusted_homophily,0.436788754
5,Cora,pgd,1,balanced_homophily,0.355523584
5,Cora,pgd,5,edge_homophily,0.778571429
5,Cora,pgd,5,node_homophily,0.798631425
5,Cora,pgd,5,class_homophily,0.725270899
5,Cora,pgd,5,adjusted_homophily,0.296307128
5,Cora,pgd,5,balanced_homophily,0.335162539
5,Cora,pgd,10,edge_homophily,0.750580668
5,Cora,pgd,10,node_homophily,0.772831954
5,Cora,pgd,10,class_homophily,0.694943231
5,Cora,pgd,10,adjusted_homophily,0.117471364
5,Cora,pgd,10,balanced_homophily,0.316965939
5,Cora,pgd,15,edge_homophily,0.724685754
5,Cora,pgd,15,node_homophily,0.750082406
5,Cora,pgd,15,class_homophily,0.660854799
5,Cora,pgd,15,adjusted_homophily,-0.075076092
5,Cora,pgd,15,balanced_homophily,0.29651288
5,Cora,pgd,20,edge_homophily,0.703315582
5,Cora,pgd,20,node_homophily,0.728467099
5,Cora,pgd,20,class_homophily,0.633114508
5,Cora,pgd,20,adjusted_homophily,-0.229957214
5,Cora,pgd,20,balanced_homophily,0.279868705
5,Cora,random,1,edge_homophily,0.803939962
5,Cora,random,1,node_homophily,0.818081166
5,Cora,random,1,class_homophily,0.759001511
5,Cora,random,1,adjusted_homophily,0.425927602
5,Cora,random,1,balanced_homophily,0.355400906
5,Cora,random,5,edge_homophily,0.780905974
5,Cora,random,5,node_homophily,0.793731681
5,Cora,random,5,class_homophily,0.730373585
5,Cora,random,5,adjusted_homophily,0.235189765
5,Cora,random,5,balanced_homophily,0.338224151
5,Cora,random,10,edge_homophily,0.75211025
5,Cora,random,10,node_homophily,0.758707144
5,Cora,random,10,class_homophily,0.696018676
5,Cora,random,10,adjusted_homophily,-0.15019376
5,Cora,random,10,balanced_homophily,0.317611206
5,Cora,random,15,edge_homophily,0.72680837
5,Cora,random,15,node_homophily,0.732515046
5,Cora,random,15,class_homophily,0.665943075
5,Cora,random,15,adjusted_homophily,-0.875706969
5,Cora,random,15,balanced_homophily,0.299565845
5,Cora,random,20,edge_homophily,0.700457919
5,Cora,random,20,node_homophily,0.703435321
5,Cora,random,20,class_homophily,0.633882379
5,Cora,random,20,adjusted_homophily,-3.536270943
5,Cora,random,20,balanced_homophily,0.280329427
5,CiteSeer,CLGA,1,edge_homophily,
5,CiteSeer,CLGA,1,node_homophily,
5,CiteSeer,CLGA,1,class_homophily,
5,CiteSeer,CLGA,1,adjusted_homophily,
5,CiteSeer,CLGA,1,balanced_homophily,
5,CiteSeer,CLGA,5,edge_homophily,
5,CiteSeer,CLGA,5,node_homophily,
5,CiteSeer,CLGA,5,class_homophily,
5,CiteSeer,CLGA,5,adjusted_homophily,
5,CiteSeer,CLGA,5,balanced_homophily,
5,CiteSeer,CLGA,10,edge_homophily,
5,CiteSeer,CLGA,10,node_homophily,
5,CiteSeer,CLGA,10,class_homophily,
5,CiteSeer,CLGA,10,adjusted_homophily,
5,CiteSeer,CLGA,10,balanced_homophily,
5,CiteSeer,CLGA,15,edge_homophily,
5,CiteSeer,CLGA,15,node_homophily,
5,CiteSeer,CLGA,15,class_homophily,
5,CiteSeer,CLGA,15,adjusted_homophily,
5,CiteSeer,CLGA,15,balanced_homophily,
5,CiteSeer,CLGA,20,edge_homophily,
5,CiteSeer,CLGA,20,node_homophily,
5,CiteSeer,CLGA,20,class_homophily,
5,CiteSeer,CLGA,20,adjusted_homophily,
5,CiteSeer,CLGA,20,balanced_homophily,
5,CiteSeer,dice,1,edge_homophily,0.540083461
5,CiteSeer,dice,1,node_homophily,0.511544633
5,CiteSeer,dice,1,class_homophily,0.530174737
5,CiteSeer,dice,1,adjusted_homophily,0.384769056
5,CiteSeer,dice,1,balanced_homophily,0.183102523
5,CiteSeer,dice,5,edge_homophily,0.524532453
5,CiteSeer,dice,5,node_homophily,0.493563198
5,CiteSeer,dice,5,class_homophily,0.509498964
5,CiteSeer,dice,5,adjusted_homophily,0.366146938
5,CiteSeer,dice,5,balanced_homophily,0.170180165
5,CiteSeer,dice,10,edge_homophily,0.509570957
5,CiteSeer,dice,10,node_homophily,0.476152995
5,CiteSeer,dice,10,class_homophily,0.488988301
5,CiteSeer,dice,10,adjusted_homophily,0.347318236
5,CiteSeer,dice,10,balanced_homophily,0.157361
5,CiteSeer,dice,15,edge_homophily,0.488142292
5,CiteSeer,dice,15,node_homophily,0.455574871
5,CiteSeer,dice,15,class_homophily,0.458672133
5,CiteSeer,dice,15,adjusted_homophily,0.319176382
5,CiteSeer,dice,15,balanced_homophily,0.138413396
5,CiteSeer,dice,20,edge_homophily,0.47301448
5,CiteSeer,dice,20,node_homophily,0.437341867
5,CiteSeer,dice,20,class_homophily,0.44126786
5,CiteSeer,dice,20,adjusted_homophily,0.299093972
5,CiteSeer,dice,20,balanced_homophily,0.127535725
5,CiteSeer,metattack,1,edge_homophily,0.538394605
5,CiteSeer,metattack,1,node_homophily,0.509534548
5,CiteSeer,metattack,1,class_homophily,0.526322768
5,CiteSeer,metattack,1,adjusted_homophily,0.377882137
5,CiteSeer,metattack,1,balanced_homophily,0.180695042
5,CiteSeer,metattack,5,edge_homophily,0.519355514
5,CiteSeer,metattack,5,node_homophily,0.489746236
5,CiteSeer,metattack,5,class_homophily,0.494766897
5,CiteSeer,metattack,5,adjusted_homophily,0.33300785
5,CiteSeer,metattack,5,balanced_homophily,0.160972623
5,CiteSeer,metattack,10,edge_homophily,0.497703215
5,CiteSeer,metattack,10,node_homophily,0.462649037
5,CiteSeer,metattack,10,class_homophily,0.462631933
5,CiteSeer,metattack,10,adjusted_homophily,0.275342138
5,CiteSeer,metattack,10,balanced_homophily,0.140888271
5,CiteSeer,metattack,15,edge_homophily,0.478601452
5,CiteSeer,metattack,15,node_homophily,0.439874337
5,CiteSeer,metattack,15,class_homophily,0.436033565
5,CiteSeer,metattack,15,adjusted_homophily,0.215600812
5,CiteSeer,metattack,15,balanced_homophily,0.124264291
5,CiteSeer,metattack,20,edge_homophily,0.461735628
5,CiteSeer,metattack,20,node_homophily,0.423558575
5,CiteSeer,metattack,20,class_homophily,0.412014158
5,CiteSeer,metattack,20,adjusted_homophily,0.152909028
5,CiteSeer,metattack,20,balanced_homophily,0.109252161
5,CiteSeer,minmax,1,edge_homophily,0.538948287
5,CiteSeer,minmax,1,node_homophily,0.510652386
5,CiteSeer,minmax,1,class_homophily,0.526708437
5,CiteSeer,minmax,1,adjusted_homophily,0.380053246
5,CiteSeer,minmax,1,balanced_homophily,0.180936086
5,CiteSeer,minmax,5,edge_homophily,0.523535676
5,CiteSeer,minmax,5,node_homophily,0.499300391
5,CiteSeer,minmax,5,class_homophily,0.500954756
5,CiteSeer,minmax,5,adjusted_homophily,0.350017974
5,CiteSeer,minmax,5,balanced_homophily,0.164840035
5,CiteSeer,minmax,10,edge_homophily,0.507989907
5,CiteSeer,minmax,10,node_homophily,0.487904759
5,CiteSeer,minmax,10,class_homophily,0.477643098
5,CiteSeer,minmax,10,adjusted_homophily,0.318663188
5,CiteSeer,minmax,10,balanced_homophily,0.150270248
5,CiteSeer,minmax,15,edge_homophily,0.49370485
5,CiteSeer,minmax,15,node_homophily,0.479467008
5,CiteSeer,minmax,15,class_homophily,0.456929901
5,CiteSeer,minmax,15,adjusted_homophily,0.290381924
5,CiteSeer,minmax,15,balanced_homophily,0.137324501
5,CiteSeer,minmax,20,edge_homophily,0.480332522
5,CiteSeer,minmax,20,node_homophily,0.471018959
5,CiteSeer,minmax,20,class_homophily,0.434089847
5,CiteSeer,minmax,20,adjusted_homophily,0.258979017
5,CiteSeer,minmax,20,balanced_homophily,0.123049466
5,CiteSeer,nodeembeddingattack,1,edge_homophily,0.543155092
5,CiteSeer,nodeembeddingattack,1,node_homophily,0.514483992
5,CiteSeer,nodeembeddingattack,1,class_homophily,0.534203343
5,CiteSeer,nodeembeddingattack,1,adjusted_homophily,0.39217781
5,CiteSeer,nodeembeddingattack,1,balanced_homophily,0.185620401
5,CiteSeer,nodeembeddingattack,5,edge_homophily,0.546358382
5,CiteSeer,nodeembeddingattack,5,node_homophily,0.516716644
5,CiteSeer,nodeembeddingattack,5,class_homophily,0.537606458
5,CiteSeer,nodeembeddingattack,5,adjusted_homophily,0.410494111
5,CiteSeer,nodeembeddingattack,5,balanced_homophily,0.187747349
5,CiteSeer,nodeembeddingattack,10,edge_homophily,0.545032951
5,CiteSeer,nodeembeddingattack,10,node_homophily,0.513731143
5,CiteSeer,nodeembeddingattack,10,class_homophily,0.537625949
5,CiteSeer,nodeembeddingattack,10,adjusted_homophily,0.426471166
5,CiteSeer,nodeembeddingattack,10,balanced_homophily,0.18775953
5,CiteSeer,nodeembeddingattack,15,edge_homophily,0.547286822
5,CiteSeer,nodeembeddingattack,15,node_homophily,0.513817844
5,CiteSeer,nodeembeddingattack,15,class_homophily,0.54287994
5,CiteSeer,nodeembeddingattack,15,adjusted_homophily,0.444872193
5,CiteSeer,nodeembeddingattack,15,balanced_homophily,0.191043275
5,CiteSeer,nodeembeddingattack,20,edge_homophily,0.548050522
5,CiteSeer,nodeembeddingattack,20,node_homophily,0.513806358
5,CiteSeer,nodeembeddingattack,20,class_homophily,0.541635768
5,CiteSeer,nodeembeddingattack,20,adjusted_homophily,0.460835531
5,CiteSeer,nodeembeddingattack,20,balanced_homophily,0.190265667
5,CiteSeer,pgd,1,edge_homophily,0.538931298
5,CiteSeer,pgd,1,node_homophily,0.511783918
5,CiteSeer,pgd,1,class_homophily,0.527884436
5,CiteSeer,pgd,1,adjusted_homophily,0.379778415
5,CiteSeer,pgd,1,balanced_homophily,0.181671085
5,CiteSeer,pgd,5,edge_homophily,0.522881356
5,CiteSeer,pgd,5,node_homophily,0.502121891
5,CiteSeer,pgd,5,class_homophily,0.502079558
5,CiteSeer,pgd,5,adjusted_homophily,0.345110186
5,CiteSeer,pgd,5,balanced_homophily,0.165543036
5,CiteSeer,pgd,10,edge_homophily,0.504289216
5,CiteSeer,pgd,10,node_homophily,0.490912652
5,CiteSeer,pgd,10,class_homophily,0.473102909
5,CiteSeer,pgd,10,adjusted_homophily,0.301843439
5,CiteSeer,pgd,10,balanced_homophily,0.14743263
5,CiteSeer,pgd,15,edge_homophily,0.488349131
5,CiteSeer,pgd,15,node_homophily,0.481141992
5,CiteSeer,pgd,15,class_homophily,0.449546521
5,CiteSeer,pgd,15,adjusted_homophily,0.25453544
5,CiteSeer,pgd,15,balanced_homophily,0.132709888
5,CiteSeer,pgd,20,edge_homophily,0.468815166
5,CiteSeer,pgd,20,node_homophily,0.472045671
5,CiteSeer,pgd,20,class_homophily,0.418549928
5,CiteSeer,pgd,20,adjusted_homophily,0.196411267
5,CiteSeer,pgd,20,balanced_homophily,0.113337017
5,CiteSeer,random,1,edge_homophily,0.539917337
5,CiteSeer,random,1,node_homophily,0.5123204
5,CiteSeer,random,1,class_homophily,0.529430816
5,CiteSeer,random,1,adjusted_homophily,0.379898821
5,CiteSeer,random,1,balanced_homophily,0.182637572
5,CiteSeer,random,5,edge_homophily,0.52354049
5,CiteSeer,random,5,node_homophily,0.495859376
5,CiteSeer,random,5,class_homophily,0.508097457
5,CiteSeer,random,5,adjusted_homophily,0.34096308
5,CiteSeer,random,5,balanced_homophily,0.169304223
5,CiteSeer,random,10,edge_homophily,0.509486719
5,CiteSeer,random,10,node_homophily,0.484234854
5,CiteSeer,random,10,class_homophily,0.483946343
5,CiteSeer,random,10,adjusted_homophily,0.297651264
5,CiteSeer,random,10,balanced_homophily,0.154209777
5,CiteSeer,random,15,edge_homophily,0.491593428
5,CiteSeer,random,15,node_homophily,0.47211368
5,CiteSeer,random,15,class_homophily,0.461512234
5,CiteSeer,random,15,adjusted_homophily,0.24454336
5,CiteSeer,random,15,balanced_homophily,0.140188459
5,CiteSeer,random,20,edge_homophily,0.478762358
5,CiteSeer,random,20,node_homophily,0.457523642
5,CiteSeer,random,20,class_homophily,0.443094877
5,CiteSeer,random,20,adjusted_homophily,0.188852223
5,CiteSeer,random,20,balanced_homophily,0.12867761
