exps,dataSets,attacks,budgets,metrics,result
1,Cora,CLGA,01,edge_homophily,0.8044051204819277
1,Cora,CLGA,01,node_homophily,0.8128442241602813
1,Cora,CLGA,01,class_homophily,0.7592487218059708
1,Cora,CLGA,01,adjusted_homophily,0.43398362481444513
1,Cora,CLGA,01,balanced_homophily,0.3555492330835825
1,Cora,CLGA,05,edge_homophily,0.7841177539523896
1,Cora,CLGA,05,node_homophily,0.780644217126449
1,Cora,CLGA,05,class_homophily,0.734326825529937
1,Cora,CLGA,05,adjusted_homophily,0.2698284236883594
1,Cora,CLGA,05,balanced_homophily,0.3405960953179622
1,Cora,CLGA,10,edge_homophily,0.759825327510917
1,Cora,CLGA,10,node_homophily,0.7455974353754576
1,Cora,CLGA,10,class_homophily,0.7050353309706195
1,Cora,CLGA,10,adjusted_homophily,-0.02582661266847439
1,Cora,CLGA,10,balanced_homophily,0.32302119858237177
1,Cora,CLGA,15,edge_homophily,0.7388599293761561
1,Cora,CLGA,15,node_homophily,0.7211651919254887
1,Cora,CLGA,15,class_homophily,0.6796455270788314
1,Cora,CLGA,15,adjusted_homophily,-0.541932994160644
1,Cora,CLGA,15,balanced_homophily,0.3077873162472989
1,Cora,CLGA,20,edge_homophily,0.7175671303785183
1,Cora,CLGA,20,node_homophily,0.6963649234675391
1,Cora,CLGA,20,class_homophily,0.6533261991897147
1,Cora,CLGA,20,adjusted_homophily,-1.767377047601614
1,Cora,CLGA,20,balanced_homophily,0.29199571951382886
1,Cora,dice,01,edge_homophily,0.8053869499241275
1,Cora,dice,01,node_homophily,0.8197719586311547
1,Cora,dice,01,class_homophily,0.7607365970301027
1,Cora,dice,01,adjusted_homophily,0.4521153362904273
1,Cora,dice,01,balanced_homophily,0.3564419582180616
1,Cora,dice,05,edge_homophily,0.7848892255254687
1,Cora,dice,05,node_homophily,0.7974069294801106
1,Cora,dice,05,class_homophily,0.7368526552139306
1,Cora,dice,05,adjusted_homophily,0.39227175587908136
1,Cora,dice,05,balanced_homophily,0.34211159312835854
1,Cora,dice,10,edge_homophily,0.7588157646615123
1,Cora,dice,10,node_homophily,0.765479934932322
1,Cora,dice,10,class_homophily,0.7048314766510204
1,Cora,dice,10,adjusted_homophily,0.3136764999169545
1,Cora,dice,10,balanced_homophily,0.3228988859906122
1,Cora,dice,15,edge_homophily,0.7352550730134648
1,Cora,dice,15,node_homophily,0.7425119559368542
1,Cora,dice,15,class_homophily,0.6776992103346964
1,Cora,dice,15,adjusted_homophily,0.25440125449551965
1,Cora,dice,15,balanced_homophily,0.3066195262008178
1,Cora,dice,20,edge_homophily,0.7103016505406944
1,Cora,dice,20,node_homophily,0.7094537983831065
1,Cora,dice,20,class_homophily,0.6469689287391668
1,Cora,dice,20,adjusted_homophily,0.18151855550257626
1,Cora,dice,20,balanced_homophily,0.2881813572435002
1,Cora,metattack,01,edge_homophily,0.8020637898686679
1,Cora,metattack,01,node_homophily,0.8121039132648745
1,Cora,metattack,01,class_homophily,0.7558653309263623
1,Cora,metattack,01,adjusted_homophily,0.42253310235513863
1,Cora,metattack,01,balanced_homophily,0.35351919855581737
1,Cora,metattack,05,edge_homophily,0.7720628045479155
1,Cora,metattack,05,node_homophily,0.7766846089109319
1,Cora,metattack,05,class_homophily,0.7190848944737978
1,Cora,metattack,05,adjusted_homophily,0.2204825153553283
1,Cora,metattack,05,balanced_homophily,0.3314509366842786
1,Cora,metattack,10,edge_homophily,0.7393552835717979
1,Cora,metattack,10,node_homophily,0.7401125819308546
1,Cora,metattack,10,class_homophily,0.6788092643403814
1,Cora,metattack,10,adjusted_homophily,-0.15040805005013133
1,Cora,metattack,10,balanced_homophily,0.3072855586042289
1,Cora,metattack,15,edge_homophily,0.7100181548110249
1,Cora,metattack,15,node_homophily,0.7108237886823642
1,Cora,metattack,15,class_homophily,0.6438680938786324
1,Cora,metattack,15,adjusted_homophily,-0.8507723986240787
1,Cora,metattack,15,balanced_homophily,0.2863208563271795
1,Cora,metattack,20,edge_homophily,0.6826755428752576
1,Cora,metattack,20,node_homophily,0.6827896821920636
1,Cora,metattack,20,class_homophily,0.6121618238668088
1,Cora,metattack,20,adjusted_homophily,-2.6765724298660643
1,Cora,metattack,20,balanced_homophily,0.2672970943200853
1,Cora,minmax,01,edge_homophily,0.8039585296889726
1,Cora,minmax,01,node_homophily,0.8169610506734274
1,Cora,minmax,01,class_homophily,0.758223028805316
1,Cora,minmax,01,adjusted_homophily,0.43787033314157076
1,Cora,minmax,01,balanced_homophily,0.35493381728318957
1,Cora,minmax,05,edge_homophily,0.7820037105751392
1,Cora,minmax,05,node_homophily,0.7926837727232727
1,Cora,minmax,05,class_homophily,0.7281724258708747
1,Cora,minmax,05,adjusted_homophily,0.3406880967791655
1,Cora,minmax,05,balanced_homophily,0.3369034555225249
1,Cora,minmax,10,edge_homophily,0.7593207825765965
1,Cora,minmax,10,node_homophily,0.7699156915627056
1,Cora,minmax,10,class_homophily,0.6954563722099648
1,Cora,minmax,10,adjusted_homophily,0.2598911407052113
1,Cora,minmax,10,balanced_homophily,0.3172738233259789
1,Cora,minmax,15,edge_homophily,0.739146499168668
1,Cora,minmax,15,node_homophily,0.7534441700326192
1,Cora,minmax,15,class_homophily,0.67048489839223
1,Cora,minmax,15,adjusted_homophily,0.19597557004413443
1,Cora,minmax,15,balanced_homophily,0.302290939035338
1,Cora,minmax,20,edge_homophily,0.7125293798589767
1,Cora,minmax,20,node_homophily,0.7301546291640308
1,Cora,minmax,20,class_homophily,0.6376459710589153
1,Cora,minmax,20,adjusted_homophily,0.03455829900655673
1,Cora,minmax,20,balanced_homophily,0.2825875826353492
1,Cora,nodeembeddingattack,01,edge_homophily,0.8105625717566016
1,Cora,nodeembeddingattack,01,node_homophily,0.8262721485632901
1,Cora,nodeembeddingattack,01,class_homophily,0.7665610874632734
1,Cora,nodeembeddingattack,01,adjusted_homophily,0.4852045116335641
1,Cora,nodeembeddingattack,01,balanced_homophily,0.3599366524779641
1,Cora,nodeembeddingattack,05,edge_homophily,0.8143569292123629
1,Cora,nodeembeddingattack,05,node_homophily,0.8280793433859523
1,Cora,nodeembeddingattack,05,class_homophily,0.7711339146689848
1,Cora,nodeembeddingattack,05,adjusted_homophily,0.5583425219137974
1,Cora,nodeembeddingattack,05,balanced_homophily,0.3626803488013909
1,Cora,nodeembeddingattack,10,edge_homophily,0.8177225847190065
1,Cora,nodeembeddingattack,10,node_homophily,0.8290561953582269
1,Cora,nodeembeddingattack,10,class_homophily,0.7751114210773586
1,Cora,nodeembeddingattack,10,adjusted_homophily,0.6204061755901022
1,Cora,nodeembeddingattack,10,balanced_homophily,0.36506685264641514
1,Cora,nodeembeddingattack,15,edge_homophily,0.8201470915979496
1,Cora,nodeembeddingattack,15,node_homophily,0.8301628563853068
1,Cora,nodeembeddingattack,15,class_homophily,0.777593944223835
1,Cora,nodeembeddingattack,15,adjusted_homophily,0.663893697831263
1,Cora,nodeembeddingattack,15,balanced_homophily,0.366556366534301
1,Cora,nodeembeddingattack,20,edge_homophily,0.8304522851053753
1,Cora,nodeembeddingattack,20,node_homophily,0.8326711262634703
1,Cora,nodeembeddingattack,20,class_homophily,0.7917098934000681
1,Cora,nodeembeddingattack,20,adjusted_homophily,0.7132089809407312
1,Cora,nodeembeddingattack,20,balanced_homophily,0.375025936040041
1,Cora,pgd,01,edge_homophily,0.8050943396226415
1,Cora,pgd,01,node_homophily,0.8198957953970847
1,Cora,pgd,01,class_homophily,0.7606602293578986
1,Cora,pgd,01,adjusted_homophily,0.44176158305433316
1,Cora,pgd,01,balanced_homophily,0.3563961376147391
1,Cora,pgd,05,edge_homophily,0.7784090909090909
1,Cora,pgd,05,node_homophily,0.7976767896979678
1,Cora,pgd,05,class_homophily,0.7300350209920569
1,Cora,pgd,05,adjusted_homophily,0.2850615671802601
1,Cora,pgd,05,balanced_homophily,0.33802101259523415
1,Cora,pgd,10,edge_homophily,0.7530908439347788
1,Cora,pgd,10,node_homophily,0.7739559269926402
1,Cora,pgd,10,class_homophily,0.6967254378096389
1,Cora,pgd,10,adjusted_homophily,0.13224591879373307
1,Cora,pgd,10,balanced_homophily,0.31803526268578336
1,Cora,pgd,15,edge_homophily,0.7252149499912265
1,Cora,pgd,15,node_homophily,0.7503387079288554
1,Cora,pgd,15,class_homophily,0.6645457962647567
1,Cora,pgd,15,adjusted_homophily,-0.055414814392383105
1,Cora,pgd,15,balanced_homophily,0.29872747775885405
1,Cora,pgd,20,edge_homophily,0.7014185609297556
1,Cora,pgd,20,node_homophily,0.7265105530254338
1,Cora,pgd,20,class_homophily,0.6297861658370696
1,Cora,pgd,20,adjusted_homophily,-0.2868015727885899
1,Cora,pgd,20,balanced_homophily,0.2778716995022418
1,Cora,random,01,edge_homophily,0.8039399624765479
1,Cora,random,01,node_homophily,0.8187121256342175
1,Cora,random,01,class_homophily,0.7581286657123042
1,Cora,random,01,adjusted_homophily,0.42655588533057
1,Cora,random,01,balanced_homophily,0.35487719942738255
1,Cora,random,05,edge_homophily,0.7825302292005053
1,Cora,random,05,node_homophily,0.7944635923729022
1,Cora,random,05,class_homophily,0.7340352054548163
1,Cora,random,05,adjusted_homophily,0.2428623287114875
1,Cora,random,05,balanced_homophily,0.3404211232728897
1,Cora,random,10,edge_homophily,0.7534883720930232
1,Cora,random,10,node_homophily,0.761372906660521
1,Cora,random,10,class_homophily,0.6977898653362508
1,Cora,random,10,adjusted_homophily,-0.14892985225482136
1,Cora,random,10,balanced_homophily,0.3186739192017505
1,Cora,random,15,edge_homophily,0.726643598615917
1,Cora,random,15,node_homophily,0.7360410750287961
1,Cora,random,15,class_homophily,0.6673610046035038
1,Cora,random,15,adjusted_homophily,-0.931552050860144
1,Cora,random,15,balanced_homophily,0.3004166027621023
1,Cora,random,20,edge_homophily,0.7047213011211116
1,Cora,random,20,node_homophily,0.7045311136593315
1,Cora,random,20,class_homophily,0.6397755768235542
1,Cora,random,20,adjusted_homophily,-3.386980719620631
1,Cora,random,20,balanced_homophily,0.2838653460941326
1,CiteSeer,CLGA,01,edge_homophily,0.5406229579612285
1,CiteSeer,CLGA,01,node_homophily,0.5126805255677159
1,CiteSeer,CLGA,01,class_homophily,0.5309645671661526
1,CiteSeer,CLGA,01,adjusted_homophily,0.3817110709115269
1,CiteSeer,CLGA,01,balanced_homophily,0.1835961667722028
1,CiteSeer,CLGA,05,edge_homophily,0.5312829155255951
1,CiteSeer,CLGA,05,node_homophily,0.505033713074195
1,CiteSeer,CLGA,05,class_homophily,0.5176728982048833
1,CiteSeer,CLGA,05,adjusted_homophily,0.35649236989062616
1,CiteSeer,CLGA,05,balanced_homophily,0.17528887367140944
1,CiteSeer,CLGA,10,edge_homophily,0.5187360745391938
1,CiteSeer,CLGA,10,node_homophily,0.494237926354152
1,CiteSeer,CLGA,10,class_homophily,0.5024689570965195
1,CiteSeer,CLGA,10,adjusted_homophily,0.3202145394692369
1,CiteSeer,CLGA,10,balanced_homophily,0.1657864104786821
1,CiteSeer,CLGA,15,edge_homophily,0.5044816835541699
1,CiteSeer,CLGA,15,node_homophily,0.4829412937545438
1,CiteSeer,CLGA,15,class_homophily,0.4833894140685109
1,CiteSeer,CLGA,15,adjusted_homophily,0.2772532611501018
1,CiteSeer,CLGA,15,balanced_homophily,0.15386169608617667
1,CiteSeer,CLGA,20,edge_homophily,0.4913728432108027
1,CiteSeer,CLGA,20,node_homophily,0.4719531346122449
1,CiteSeer,CLGA,20,class_homophily,0.46423941612172903
1,CiteSeer,CLGA,20,adjusted_homophily,0.2314033616837044
1,CiteSeer,CLGA,20,balanced_homophily,0.14189294736943803
1,CiteSeer,dice,01,edge_homophily,0.5392739273927393
1,CiteSeer,dice,01,node_homophily,0.511003306442272
1,CiteSeer,dice,01,class_homophily,0.5302463858937365
1,CiteSeer,dice,01,adjusted_homophily,0.3844309421484089
1,CiteSeer,dice,01,balanced_homophily,0.18314730347694264
1,CiteSeer,dice,05,edge_homophily,0.5246224556795798
1,CiteSeer,dice,05,node_homophily,0.4943580923959916
1,CiteSeer,dice,05,class_homophily,0.5080055053657236
1,CiteSeer,dice,05,adjusted_homophily,0.3632141392470904
1,CiteSeer,dice,05,balanced_homophily,0.1692467531469346
1,CiteSeer,dice,10,edge_homophily,0.5069337442218799
1,CiteSeer,dice,10,node_homophily,0.4755802643919526
1,CiteSeer,dice,10,class_homophily,0.48227467517259015
1,CiteSeer,dice,10,adjusted_homophily,0.3430724043457159
1,CiteSeer,dice,10,balanced_homophily,0.15316498427622616
1,CiteSeer,dice,15,edge_homophily,0.4913716814159292
1,CiteSeer,dice,15,node_homophily,0.4603249624928715
1,CiteSeer,dice,15,class_homophily,0.46315260095656896
1,CiteSeer,dice,15,adjusted_homophily,0.32587918120040166
1,CiteSeer,dice,15,balanced_homophily,0.14121368789121297
1,CiteSeer,dice,20,edge_homophily,0.468503937007874
1,CiteSeer,dice,20,node_homophily,0.4322773972330433
1,CiteSeer,dice,20,class_homophily,0.4336629493623116
1,CiteSeer,dice,20,adjusted_homophily,0.29249588249826697
1,CiteSeer,dice,20,balanced_homophily,0.12278265564480216
1,CiteSeer,metattack,01,edge_homophily,0.5381770720034805
1,CiteSeer,metattack,01,node_homophily,0.5096597861628467
1,CiteSeer,metattack,01,class_homophily,0.5259778842641089
1,CiteSeer,metattack,01,adjusted_homophily,0.3775132825641006
1,CiteSeer,metattack,01,balanced_homophily,0.18047948995842542
1,CiteSeer,metattack,05,edge_homophily,0.5189370161121574
1,CiteSeer,metattack,05,node_homophily,0.4886741992620213
1,CiteSeer,metattack,05,class_homophily,0.4953400631976842
1,CiteSeer,metattack,05,adjusted_homophily,0.3325497504691179
1,CiteSeer,metattack,05,balanced_homophily,0.16133085179190992
1,CiteSeer,metattack,10,edge_homophily,0.4981026562812063
1,CiteSeer,metattack,10,node_homophily,0.462959269466839
1,CiteSeer,metattack,10,class_homophily,0.4626298808151656
1,CiteSeer,metattack,10,adjusted_homophily,0.2746893616219584
1,CiteSeer,metattack,10,balanced_homophily,0.14088698780283576
1,CiteSeer,metattack,15,edge_homophily,0.4789835689721055
1,CiteSeer,metattack,15,node_homophily,0.4398906121781633
1,CiteSeer,metattack,15,class_homophily,0.43537750991885577
1,CiteSeer,metattack,15,adjusted_homophily,0.21677991060528717
1,CiteSeer,metattack,15,balanced_homophily,0.1238542559926422
1,CiteSeer,metattack,20,edge_homophily,0.46374954229220067
1,CiteSeer,metattack,20,node_homophily,0.42493476099598143
1,CiteSeer,metattack,20,class_homophily,0.41567904473075445
1,CiteSeer,metattack,20,adjusted_homophily,0.1570459829619441
1,CiteSeer,metattack,20,balanced_homophily,0.11154271525007899
1,CiteSeer,minmax,01,edge_homophily,0.5391171328671329
1,CiteSeer,minmax,01,node_homophily,0.5102332359659196
1,CiteSeer,minmax,01,class_homophily,0.5270035584183177
1,CiteSeer,minmax,01,adjusted_homophily,0.38031854187637054
1,CiteSeer,minmax,01,balanced_homophily,0.18112053630480587
1,CiteSeer,minmax,05,edge_homophily,0.5243485689876122
1,CiteSeer,minmax,05,node_homophily,0.49847502211520117
1,CiteSeer,minmax,05,class_homophily,0.5018494448056604
1,CiteSeer,minmax,05,adjusted_homophily,0.3514252337524201
1,CiteSeer,minmax,05,balanced_homophily,0.16539921529689505
1,CiteSeer,minmax,10,edge_homophily,0.5044393970679331
1,CiteSeer,minmax,10,node_homophily,0.48954776391216154
1,CiteSeer,minmax,10,class_homophily,0.4722596073525643
1,CiteSeer,minmax,10,adjusted_homophily,0.30483380489118445
1,CiteSeer,minmax,10,balanced_homophily,0.14690556688870995
1,CiteSeer,minmax,15,edge_homophily,0.494375
1,CiteSeer,minmax,15,node_homophily,0.4779756145691131
1,CiteSeer,minmax,15,class_homophily,0.4564278800204713
1,CiteSeer,minmax,15,adjusted_homophily,0.2942882826443199
1,CiteSeer,minmax,15,balanced_homophily,0.13701073730615188
1,CiteSeer,minmax,20,edge_homophily,0.480563947633434
1,CiteSeer,minmax,20,node_homophily,0.47294733003049794
1,CiteSeer,minmax,20,class_homophily,0.4357972072232725
1,CiteSeer,minmax,20,adjusted_homophily,0.25574295231080657
1,CiteSeer,minmax,20,balanced_homophily,0.12411656680790265
1,CiteSeer,nodeembeddingattack,01,edge_homophily,0.5438207233192811
1,CiteSeer,nodeembeddingattack,01,node_homophily,0.5147846544017383
1,CiteSeer,nodeembeddingattack,01,class_homophily,0.535181500458522
1,CiteSeer,nodeembeddingattack,01,adjusted_homophily,0.39308161939740366
1,CiteSeer,nodeembeddingattack,01,balanced_homophily,0.18623175007993353
1,CiteSeer,nodeembeddingattack,05,edge_homophily,0.5461271676300578
1,CiteSeer,nodeembeddingattack,05,node_homophily,0.5144878964418165
1,CiteSeer,nodeembeddingattack,05,class_homophily,0.5372888278251523
1,CiteSeer,nodeembeddingattack,05,adjusted_homophily,0.4102024253648297
1,CiteSeer,nodeembeddingattack,05,balanced_homophily,0.1875488296840775
1,CiteSeer,nodeembeddingattack,10,edge_homophily,0.5469855992189407
1,CiteSeer,nodeembeddingattack,10,node_homophily,0.5161533051914694
1,CiteSeer,nodeembeddingattack,10,class_homophily,0.541135584167233
1,CiteSeer,nodeembeddingattack,10,adjusted_homophily,0.4288376782626184
1,CiteSeer,nodeembeddingattack,10,balanced_homophily,0.1899530523978779
1,CiteSeer,nodeembeddingattack,15,edge_homophily,0.5475452196382429
1,CiteSeer,nodeembeddingattack,15,node_homophily,0.5144344305389622
1,CiteSeer,nodeembeddingattack,15,class_homophily,0.5411560342220303
1,CiteSeer,nodeembeddingattack,15,adjusted_homophily,0.4450176987225908
1,CiteSeer,nodeembeddingattack,15,balanced_homophily,0.18996583368212624
1,CiteSeer,nodeembeddingattack,20,edge_homophily,0.5461285008237232
1,CiteSeer,nodeembeddingattack,20,node_homophily,0.513403594394977
1,CiteSeer,nodeembeddingattack,20,class_homophily,0.5435535798406288
1,CiteSeer,nodeembeddingattack,20,adjusted_homophily,0.45838042983682575
1,CiteSeer,nodeembeddingattack,20,balanced_homophily,0.1914642996937504
1,CiteSeer,pgd,01,edge_homophily,0.5388307155322862
1,CiteSeer,pgd,01,node_homophily,0.5112109243607301
1,CiteSeer,pgd,01,class_homophily,0.527471189500404
1,CiteSeer,pgd,01,adjusted_homophily,0.3794290998526087
1,CiteSeer,pgd,01,balanced_homophily,0.18141280573110985
1,CiteSeer,pgd,05,edge_homophily,0.5226258763543659
1,CiteSeer,pgd,05,node_homophily,0.5003658093079888
1,CiteSeer,pgd,05,class_homophily,0.4995593656066645
1,CiteSeer,pgd,05,adjusted_homophily,0.34431407222106514
1,CiteSeer,pgd,05,balanced_homophily,0.16396791579752268
1,CiteSeer,pgd,10,edge_homophily,0.5041896586960964
1,CiteSeer,pgd,10,node_homophily,0.4897091952860794
1,CiteSeer,pgd,10,class_homophily,0.4723079067952766
1,CiteSeer,pgd,10,adjusted_homophily,0.30050558100155744
1,CiteSeer,pgd,10,balanced_homophily,0.14693575404040524
1,CiteSeer,pgd,15,edge_homophily,0.48501577287066244
1,CiteSeer,pgd,15,node_homophily,0.4810577244661201
1,CiteSeer,pgd,15,class_homophily,0.4437790546378668
1,CiteSeer,pgd,15,adjusted_homophily,0.25259915561423996
1,CiteSeer,pgd,15,balanced_homophily,0.12910522144202408
1,CiteSeer,pgd,20,edge_homophily,0.46729678638941397
1,CiteSeer,pgd,20,node_homophily,0.47105648609675693
1,CiteSeer,pgd,20,class_homophily,0.41784056186273943
1,CiteSeer,pgd,20,adjusted_homophily,0.19244580687041205
1,CiteSeer,pgd,20,balanced_homophily,0.11289366345756953
1,CiteSeer,random,01,edge_homophily,0.5399173373939525
1,CiteSeer,random,01,node_homophily,0.512098877660503
1,CiteSeer,random,01,class_homophily,0.5297347272216231
1,CiteSeer,random,01,adjusted_homophily,0.3801075067369717
1,CiteSeer,random,01,balanced_homophily,0.18282751680687173
1,CiteSeer,random,05,edge_homophily,0.5266792215944758
1,CiteSeer,random,05,node_homophily,0.4998211800818657
1,CiteSeer,random,05,class_homophily,0.5100836952277479
1,CiteSeer,random,05,adjusted_homophily,0.3457647171891761
1,CiteSeer,random,05,balanced_homophily,0.17054562181069982
1,CiteSeer,random,10,edge_homophily,0.5086878370281606
1,CiteSeer,random,10,node_homophily,0.48457395738132025
1,CiteSeer,random,10,class_homophily,0.4853018424558873
1,CiteSeer,random,10,adjusted_homophily,0.298737749255655
1,CiteSeer,random,10,balanced_homophily,0.155056963828287
1,CiteSeer,random,15,edge_homophily,0.4900649598777226
1,CiteSeer,random,15,node_homophily,0.47083078756275754
1,CiteSeer,random,15,class_homophily,0.46072881932389176
1,CiteSeer,random,15,adjusted_homophily,0.24145643342108877
1,CiteSeer,random,15,balanced_homophily,0.1396988243707898
1,CiteSeer,random,20,edge_homophily,0.47949469058952765
1,CiteSeer,random,20,node_homophily,0.45951944861547533
1,CiteSeer,random,20,class_homophily,0.4436337804715456
1,CiteSeer,random,20,adjusted_homophily,0.19232596550899358
1,CiteSeer,random,20,balanced_homophily,0.12901442508807337
2,Cora,CLGA,01,edge_homophily,0.8051070221554638
2,Cora,CLGA,01,node_homophily,0.8172183888926444
2,Cora,CLGA,01,class_homophily,0.759708294456483
2,Cora,CLGA,01,adjusted_homophily,0.43105641050827287
2,Cora,CLGA,01,balanced_homophily,0.3558249766738898
2,Cora,CLGA,05,edge_homophily,0.785000907935355
2,Cora,CLGA,05,node_homophily,0.7838320087374306
2,Cora,CLGA,05,class_homophily,0.7353207783419253
2,Cora,CLGA,05,adjusted_homophily,0.2646352901669839
2,Cora,CLGA,05,balanced_homophily,0.34119246700515515
2,Cora,CLGA,10,edge_homophily,0.7611992330486317
2,Cora,CLGA,10,node_homophily,0.7496300769911866
2,Cora,CLGA,10,class_homophily,0.7069093268068092
2,Cora,CLGA,10,adjusted_homophily,-0.041970991266094604
2,Cora,CLGA,10,balanced_homophily,0.32414559608408544
2,Cora,CLGA,15,edge_homophily,0.739232445114798
2,Cora,CLGA,15,node_homophily,0.7215515915918
2,Cora,CLGA,15,class_homophily,0.6814280650724006
2,Cora,CLGA,15,adjusted_homophily,-0.6121477975139906
2,Cora,CLGA,15,balanced_homophily,0.3088568390434404
2,Cora,CLGA,20,edge_homophily,0.7191935483870968
2,Cora,CLGA,20,node_homophily,0.6971317362542927
2,Cora,CLGA,20,class_homophily,0.6569916233802477
2,Cora,CLGA,20,adjusted_homophily,-2.033388390700575
2,Cora,CLGA,20,balanced_homophily,0.2941949740281487
2,Cora,dice,01,edge_homophily,0.8053869499241275
2,Cora,dice,01,node_homophily,0.8203659322271128
2,Cora,dice,01,class_homophily,0.7609315567934843
2,Cora,dice,01,adjusted_homophily,0.453595546655051
2,Cora,dice,01,balanced_homophily,0.35655893407609063
2,Cora,dice,05,edge_homophily,0.784458309699376
2,Cora,dice,05,node_homophily,0.7968752098708112
2,Cora,dice,05,class_homophily,0.7352930749970451
2,Cora,dice,05,adjusted_homophily,0.3845623852182305
2,Cora,dice,05,balanced_homophily,0.34117584499822723
2,Cora,dice,10,edge_homophily,0.7606837606837606
2,Cora,dice,10,node_homophily,0.7681223346028768
2,Cora,dice,10,class_homophily,0.7101326485107001
2,Cora,dice,10,adjusted_homophily,0.3404544846808325
2,Cora,dice,10,balanced_homophily,0.3260795891064201
2,Cora,dice,15,edge_homophily,0.7343661439637257
2,Cora,dice,15,node_homophily,0.7357039060232577
2,Cora,dice,15,class_homophily,0.6761207878963953
2,Cora,dice,15,adjusted_homophily,0.2535614304485657
2,Cora,dice,15,balanced_homophily,0.30567247273783715
2,Cora,dice,20,edge_homophily,0.7077009555930298
2,Cora,dice,20,node_homophily,0.7084487166311749
2,Cora,dice,20,class_homophily,0.6479398435897951
2,Cora,dice,20,adjusted_homophily,0.14450430497146513
2,Cora,dice,20,balanced_homophily,0.2887639061538771
2,Cora,metattack,01,edge_homophily,0.8020637898686679
2,Cora,metattack,01,node_homophily,0.8118331107045594
2,Cora,metattack,01,class_homophily,0.75622273299608
2,Cora,metattack,01,adjusted_homophily,0.4218442181563168
2,Cora,metattack,01,balanced_homophily,0.35373363979764794
2,Cora,metattack,05,edge_homophily,0.7722432773867532
2,Cora,metattack,05,node_homophily,0.7778249690431678
2,Cora,metattack,05,class_homophily,0.7184228104341132
2,Cora,metattack,05,adjusted_homophily,0.2218927660550602
2,Cora,metattack,05,balanced_homophily,0.33105368626046777
2,Cora,metattack,10,edge_homophily,0.7397071490094745
2,Cora,metattack,10,node_homophily,0.7411669641152221
2,Cora,metattack,10,class_homophily,0.6791794401027932
2,Cora,metattack,10,adjusted_homophily,-0.16714820612129377
2,Cora,metattack,10,balanced_homophily,0.30750766406167596
2,Cora,metattack,15,edge_homophily,0.7098795975589642
2,Cora,metattack,15,node_homophily,0.7109293349300303
2,Cora,metattack,15,class_homophily,0.6436660572383593
2,Cora,metattack,15,adjusted_homophily,-0.8770593904704576
2,Cora,metattack,15,balanced_homophily,0.28619963434301565
2,Cora,metattack,20,edge_homophily,0.6841353025250119
2,Cora,metattack,20,node_homophily,0.6853103006886023
2,Cora,metattack,20,class_homophily,0.613466509760078
2,Cora,metattack,20,adjusted_homophily,-2.5867716765602426
2,Cora,metattack,20,balanced_homophily,0.2680799058560468
2,Cora,minmax,01,edge_homophily,0.8038845936262493
2,Cora,minmax,01,node_homophily,0.817135139324033
2,Cora,minmax,01,class_homophily,0.759122931182404
2,Cora,minmax,01,adjusted_homophily,0.43852410206203535
2,Cora,minmax,01,balanced_homophily,0.3554737587094424
2,Cora,minmax,05,edge_homophily,0.78125
2,Cora,minmax,05,node_homophily,0.7933752063536019
2,Cora,minmax,05,class_homophily,0.727389797513084
2,Cora,minmax,05,adjusted_homophily,0.32849433051995947
2,Cora,minmax,05,balanced_homophily,0.3364338785078504
2,Cora,minmax,10,edge_homophily,0.7569304204149073
2,Cora,minmax,10,node_homophily,0.7705126689565859
2,Cora,minmax,10,class_homophily,0.6942618238910102
2,Cora,minmax,10,adjusted_homophily,0.23438301029839426
2,Cora,minmax,10,balanced_homophily,0.31655709433460616
2,Cora,minmax,15,edge_homophily,0.7400074019245003
2,Cora,minmax,15,node_homophily,0.7518554582128847
2,Cora,minmax,15,class_homophily,0.6699244124056086
2,Cora,minmax,15,adjusted_homophily,0.20751225417478572
2,Cora,minmax,15,balanced_homophily,0.3019546474433652
2,Cora,minmax,20,edge_homophily,0.7151680290644868
2,Cora,minmax,20,node_homophily,0.7350069832587917
2,Cora,minmax,20,class_homophily,0.6390586076224144
2,Cora,minmax,20,adjusted_homophily,0.05937185637481005
2,Cora,minmax,20,balanced_homophily,0.2834351645734487
2,Cora,nodeembeddingattack,01,edge_homophily,0.8105625717566016
2,Cora,nodeembeddingattack,01,node_homophily,0.8261510161182619
2,Cora,nodeembeddingattack,01,class_homophily,0.7662485281711048
2,Cora,nodeembeddingattack,01,adjusted_homophily,0.48459571836977106
2,Cora,nodeembeddingattack,01,balanced_homophily,0.35974911690266287
2,Cora,nodeembeddingattack,05,edge_homophily,0.8125623130608175
2,Cora,nodeembeddingattack,05,node_homophily,0.8264906534279967
2,Cora,nodeembeddingattack,05,class_homophily,0.7691354100586129
2,Cora,nodeembeddingattack,05,adjusted_homophily,0.5550612843559544
2,Cora,nodeembeddingattack,05,balanced_homophily,0.36148124603516785
2,Cora,nodeembeddingattack,10,edge_homophily,0.8198274047568933
2,Cora,nodeembeddingattack,10,node_homophily,0.8304141515685789
2,Cora,nodeembeddingattack,10,class_homophily,0.7789176605860946
2,Cora,nodeembeddingattack,10,adjusted_homophily,0.6261978031990754
2,Cora,nodeembeddingattack,10,balanced_homophily,0.3673505963516567
2,Cora,nodeembeddingattack,15,edge_homophily,0.8234900824604413
2,Cora,nodeembeddingattack,15,node_homophily,0.8315804794986519
2,Cora,nodeembeddingattack,15,class_homophily,0.7825961122875399
2,Cora,nodeembeddingattack,15,adjusted_homophily,0.6696853385841431
2,Cora,nodeembeddingattack,15,balanced_homophily,0.36955766737252393
2,Cora,nodeembeddingattack,20,edge_homophily,0.8290314941984371
2,Cora,nodeembeddingattack,20,node_homophily,0.8342115375228473
2,Cora,nodeembeddingattack,20,class_homophily,0.7898567263418442
2,Cora,nodeembeddingattack,20,adjusted_homophily,0.7094172179935726
2,Cora,nodeembeddingattack,20,balanced_homophily,0.3739140358051064
2,Cora,pgd,01,edge_homophily,0.8048274561568923
2,Cora,pgd,01,node_homophily,0.8186670468814301
2,Cora,pgd,01,class_homophily,0.7599962085928604
2,Cora,pgd,01,adjusted_homophily,0.4400792476892335
2,Cora,pgd,01,balanced_homophily,0.3559977251557162
2,Cora,pgd,05,edge_homophily,0.7790227773695811
2,Cora,pgd,05,node_homophily,0.7971014797224598
2,Cora,pgd,05,class_homophily,0.7278642654963359
2,Cora,pgd,05,adjusted_homophily,0.3011376358015776
2,Cora,pgd,05,balanced_homophily,0.3367185592978016
2,Cora,pgd,10,edge_homophily,0.7499111269107714
2,Cora,pgd,10,node_homophily,0.7745257386704733
2,Cora,pgd,10,class_homophily,0.6916737549370212
2,Cora,pgd,10,adjusted_homophily,0.09174492052835803
2,Cora,pgd,10,balanced_homophily,0.3150042529622126
2,Cora,pgd,15,edge_homophily,0.7284384331635342
2,Cora,pgd,15,node_homophily,0.7496196167991805
2,Cora,pgd,15,class_homophily,0.6641632789926134
2,Cora,pgd,15,adjusted_homophily,-0.01429259262026872
2,Cora,pgd,15,balanced_homophily,0.29849796739556816
2,Cora,pgd,20,edge_homophily,0.701901661812575
2,Cora,pgd,20,node_homophily,0.7303081498421059
2,Cora,pgd,20,class_homophily,0.6304395453344687
2,Cora,pgd,20,adjusted_homophily,-0.2587129323208524
2,Cora,pgd,20,balanced_homophily,0.2782637272006812
2,Cora,random,01,edge_homophily,0.8046904315196998
2,Cora,random,01,node_homophily,0.8193503206405288
2,Cora,random,01,class_homophily,0.7595544139799172
2,Cora,random,01,adjusted_homophily,0.4278355556093047
2,Cora,random,01,balanced_homophily,0.3557326483879503
2,Cora,random,05,edge_homophily,0.779101245262588
2,Cora,random,05,node_homophily,0.7910735707996284
2,Cora,random,05,class_homophily,0.728140879714783
2,Cora,random,05,adjusted_homophily,0.23576370099852023
2,Cora,random,05,balanced_homophily,0.3368845278288699
2,Cora,random,10,edge_homophily,0.7541774332472007
2,Cora,random,10,node_homophily,0.7622155201167741
2,Cora,random,10,class_homophily,0.6997684302548176
2,Cora,random,10,adjusted_homophily,-0.14081905975985545
2,Cora,random,10,balanced_homophily,0.31986105815289056
2,Cora,random,15,edge_homophily,0.7292799472730268
2,Cora,random,15,node_homophily,0.7340751719944097
2,Cora,random,15,class_homophily,0.6684952976067448
2,Cora,random,15,adjusted_homophily,-0.878020096178677
2,Cora,random,15,balanced_homophily,0.3010971785640469
2,Cora,random,20,edge_homophily,0.7083530712142745
2,Cora,random,20,node_homophily,0.7131307992642455
2,Cora,random,20,class_homophily,0.6412946286141811
2,Cora,random,20,adjusted_homophily,-3.5048006301530483
2,Cora,random,20,balanced_homophily,0.2847767771685087
2,CiteSeer,CLGA,01,edge_homophily,
2,CiteSeer,CLGA,01,node_homophily,
2,CiteSeer,CLGA,01,class_homophily,
2,CiteSeer,CLGA,01,adjusted_homophily,
2,CiteSeer,CLGA,01,balanced_homophily,
2,CiteSeer,CLGA,05,edge_homophily,
2,CiteSeer,CLGA,05,node_homophily,
2,CiteSeer,CLGA,05,class_homophily,
2,CiteSeer,CLGA,05,adjusted_homophily,
2,CiteSeer,CLGA,05,balanced_homophily,
2,CiteSeer,CLGA,10,edge_homophily,
2,CiteSeer,CLGA,10,node_homophily,
2,CiteSeer,CLGA,10,class_homophily,
2,CiteSeer,CLGA,10,adjusted_homophily,
2,CiteSeer,CLGA,10,balanced_homophily,
2,CiteSeer,CLGA,15,edge_homophily,
2,CiteSeer,CLGA,15,node_homophily,
2,CiteSeer,CLGA,15,class_homophily,
2,CiteSeer,CLGA,15,adjusted_homophily,
2,CiteSeer,CLGA,15,balanced_homophily,
2,CiteSeer,CLGA,20,edge_homophily,
2,CiteSeer,CLGA,20,node_homophily,
2,CiteSeer,CLGA,20,class_homophily,
2,CiteSeer,CLGA,20,adjusted_homophily,
2,CiteSeer,CLGA,20,balanced_homophily,
2,CiteSeer,dice,01,edge_homophily,0.5405405405405406
2,CiteSeer,dice,01,node_homophily,0.511815488349574
2,CiteSeer,dice,01,class_homophily,0.5312280466603736
2,CiteSeer,dice,01,adjusted_homophily,0.3855833885482364
2,CiteSeer,dice,01,balanced_homophily,0.18376084145609073
2,CiteSeer,dice,05,edge_homophily,0.5274895120335615
2,CiteSeer,dice,05,node_homophily,0.4947553247826612
2,CiteSeer,dice,05,class_homophily,0.5116720347155459
2,CiteSeer,dice,05,adjusted_homophily,0.37003306419791054
2,CiteSeer,dice,05,balanced_homophily,0.1715383339905735
2,CiteSeer,dice,10,edge_homophily,0.5090473076084587
2,CiteSeer,dice,10,node_homophily,0.4769868890688008
2,CiteSeer,dice,10,class_homophily,0.48449974116982497
2,CiteSeer,dice,10,adjusted_homophily,0.3420491352263164
2,CiteSeer,dice,10,balanced_homophily,0.15455565052449793
2,CiteSeer,dice,15,edge_homophily,0.4895059029296021
2,CiteSeer,dice,15,node_homophily,0.4562012731133188
2,CiteSeer,dice,15,class_homophily,0.45956244720938655
2,CiteSeer,dice,15,adjusted_homophily,0.3193613524315132
2,CiteSeer,dice,15,balanced_homophily,0.1389698417992239
2,CiteSeer,dice,20,edge_homophily,0.47286652078774616
2,CiteSeer,dice,20,node_homophily,0.4359096750425669
2,CiteSeer,dice,20,class_homophily,0.42928184387961704
2,CiteSeer,dice,20,adjusted_homophily,0.2979817129284865
2,CiteSeer,dice,20,balanced_homophily,0.120044464718118
2,CiteSeer,metattack,01,edge_homophily,0.5381770720034805
2,CiteSeer,metattack,01,node_homophily,0.509509500620316
2,CiteSeer,metattack,01,class_homophily,0.5258709611012253
2,CiteSeer,metattack,01,adjusted_homophily,0.377590022348504
2,CiteSeer,metattack,01,balanced_homophily,0.18041266298162315
2,CiteSeer,metattack,05,edge_homophily,0.519774011299435
2,CiteSeer,metattack,05,node_homophily,0.49019780840510735
2,CiteSeer,metattack,05,class_homophily,0.4966312372460867
2,CiteSeer,metattack,05,adjusted_homophily,0.3338278788442187
2,CiteSeer,metattack,05,balanced_homophily,0.1621378355721615
2,CiteSeer,metattack,10,edge_homophily,0.49910125823846613
2,CiteSeer,metattack,10,node_homophily,0.4633404699382107
2,CiteSeer,metattack,10,class_homophily,0.4659327662755185
2,CiteSeer,metattack,10,adjusted_homophily,0.27665654036209514
2,CiteSeer,metattack,10,balanced_homophily,0.1429512912155565
2,CiteSeer,metattack,15,edge_homophily,0.48204050439434465
2,CiteSeer,metattack,15,node_homophily,0.4460603758546899
2,CiteSeer,metattack,15,class_homophily,0.439504809351415
2,CiteSeer,metattack,15,adjusted_homophily,0.22023857661973045
2,CiteSeer,metattack,15,balanced_homophily,0.12643381813799176
2,CiteSeer,metattack,20,edge_homophily,0.463932625411937
2,CiteSeer,metattack,20,node_homophily,0.4254370356641716
2,CiteSeer,metattack,20,class_homophily,0.416740979019811
2,CiteSeer,metattack,20,adjusted_homophily,0.15612982387999733
2,CiteSeer,metattack,20,balanced_homophily,0.11220642418073919
2,CiteSeer,minmax,01,edge_homophily,0.5400392755836788
2,CiteSeer,minmax,01,node_homophily,0.51205191524171
2,CiteSeer,minmax,01,class_homophily,0.5286746636606307
2,CiteSeer,minmax,01,adjusted_homophily,0.3811351815866729
2,CiteSeer,minmax,01,balanced_homophily,0.18216497708125146
2,CiteSeer,minmax,05,edge_homophily,0.522814498933902
2,CiteSeer,minmax,05,node_homophily,0.49783555022844733
2,CiteSeer,minmax,05,class_homophily,0.5004627363410361
2,CiteSeer,minmax,05,adjusted_homophily,0.34673052581598424
2,CiteSeer,minmax,05,balanced_homophily,0.16453252250650488
2,CiteSeer,minmax,10,edge_homophily,0.5066445182724253
2,CiteSeer,minmax,10,node_homophily,0.4900590315910894
2,CiteSeer,minmax,10,class_homophily,0.4753590990363163
2,CiteSeer,minmax,10,adjusted_homophily,0.31177470795228696
2,CiteSeer,minmax,10,balanced_homophily,0.1488427491910551
2,CiteSeer,minmax,15,edge_homophily,0.49676611725432923
2,CiteSeer,minmax,15,node_homophily,0.48137051320625995
2,CiteSeer,minmax,15,class_homophily,0.4602443277706163
2,CiteSeer,minmax,15,adjusted_homophily,0.29979097555603307
2,CiteSeer,minmax,15,balanced_homophily,0.13939601714999256
2,CiteSeer,minmax,20,edge_homophily,0.48204921339249696
2,CiteSeer,minmax,20,node_homophily,0.47409048347453225
2,CiteSeer,minmax,20,class_homophily,0.4396226793169092
2,CiteSeer,minmax,20,adjusted_homophily,0.25833716908086035
2,CiteSeer,minmax,20,balanced_homophily,0.1265074868664256
2,CiteSeer,nodeembeddingattack,01,edge_homophily,0.5431550920789883
2,CiteSeer,nodeembeddingattack,01,node_homophily,0.5147139465297447
2,CiteSeer,nodeembeddingattack,01,class_homophily,0.5342551713310127
2,CiteSeer,nodeembeddingattack,01,adjusted_homophily,0.3923212293650436
2,CiteSeer,nodeembeddingattack,01,balanced_homophily,0.1856527943752403
2,CiteSeer,nodeembeddingattack,05,edge_homophily,0.545664739884393
2,CiteSeer,nodeembeddingattack,05,node_homophily,0.5154689787360782
2,CiteSeer,nodeembeddingattack,05,class_homophily,0.53662733796299
2,CiteSeer,nodeembeddingattack,05,adjusted_homophily,0.40881363103367135
2,CiteSeer,nodeembeddingattack,05,balanced_homophily,0.18713539852022615
2,CiteSeer,nodeembeddingattack,10,edge_homophily,0.5477178423236515
2,CiteSeer,nodeembeddingattack,10,node_homophily,0.5158275128648717
2,CiteSeer,nodeembeddingattack,10,class_homophily,0.5405614968278523
2,CiteSeer,nodeembeddingattack,10,adjusted_homophily,0.429499808989805
2,CiteSeer,nodeembeddingattack,10,balanced_homophily,0.18959424781076498
2,CiteSeer,nodeembeddingattack,15,edge_homophily,0.5478036175710594
2,CiteSeer,nodeembeddingattack,15,node_homophily,0.5151012628102501
2,CiteSeer,nodeembeddingattack,15,class_homophily,0.5427715558644841
2,CiteSeer,nodeembeddingattack,15,adjusted_homophily,0.4459707304015393
2,CiteSeer,nodeembeddingattack,15,balanced_homophily,0.19097553470865988
2,CiteSeer,nodeembeddingattack,20,edge_homophily,0.543108182317408
2,CiteSeer,nodeembeddingattack,20,node_homophily,0.5126755752866891
2,CiteSeer,nodeembeddingattack,20,class_homophily,0.5391347947301821
2,CiteSeer,nodeembeddingattack,20,adjusted_homophily,0.4553417689153135
2,CiteSeer,nodeembeddingattack,20,balanced_homophily,0.18870255899972121
2,CiteSeer,pgd,01,edge_homophily,0.5393846825223653
2,CiteSeer,pgd,01,node_homophily,0.5119139908476991
2,CiteSeer,pgd,01,class_homophily,0.5282980835801092
2,CiteSeer,pgd,01,adjusted_homophily,0.3805209315563254
2,CiteSeer,pgd,01,balanced_homophily,0.18192961453092557
2,CiteSeer,pgd,05,edge_homophily,0.5225874867444327
2,CiteSeer,pgd,05,node_homophily,0.5023627924704364
2,CiteSeer,pgd,05,class_homophily,0.4994128173207358
2,CiteSeer,pgd,05,adjusted_homophily,0.34577034029859605
2,CiteSeer,pgd,05,balanced_homophily,0.16387632311881734
2,CiteSeer,pgd,10,edge_homophily,0.5027534162757495
2,CiteSeer,pgd,10,node_homophily,0.49265470714677023
2,CiteSeer,pgd,10,class_homophily,0.4707188395441582
2,CiteSeer,pgd,10,adjusted_homophily,0.2969719678110654
2,CiteSeer,pgd,10,balanced_homophily,0.1459425870084563
2,CiteSeer,pgd,15,edge_homophily,0.4876847290640394
2,CiteSeer,pgd,15,node_homophily,0.4804714184248515
2,CiteSeer,pgd,15,class_homophily,0.4443171046346105
2,CiteSeer,pgd,15,adjusted_homophily,0.2530516624580222
2,CiteSeer,pgd,15,balanced_homophily,0.129441502689989
2,CiteSeer,pgd,20,edge_homophily,0.46807699637888317
2,CiteSeer,pgd,20,node_homophily,0.47087571614140405
2,CiteSeer,pgd,20,class_homophily,0.4185643137452109
2,CiteSeer,pgd,20,adjusted_homophily,0.2016775647716202
2,CiteSeer,pgd,20,balanced_homophily,0.11334600838411417
2,CiteSeer,random,01,edge_homophily,0.5394822710463346
2,CiteSeer,random,01,node_homophily,0.5115313724798793
2,CiteSeer,random,01,class_homophily,0.5292214748354336
2,CiteSeer,random,01,adjusted_homophily,0.37961830026804333
2,CiteSeer,random,01,balanced_homophily,0.18250673406550338
2,CiteSeer,random,05,edge_homophily,0.5256329776103787
2,CiteSeer,random,05,node_homophily,0.49942808520155374
2,CiteSeer,random,05,class_homophily,0.5100859948878329
2,CiteSeer,random,05,adjusted_homophily,0.34389667321922673
2,CiteSeer,random,05,balanced_homophily,0.17054705909825288
2,CiteSeer,random,10,edge_homophily,0.5086878370281606
2,CiteSeer,random,10,node_homophily,0.48523713455217315
2,CiteSeer,random,10,class_homophily,0.48728412017566064
2,CiteSeer,random,10,adjusted_homophily,0.2980849605014842
2,CiteSeer,random,10,balanced_homophily,0.15629588740314526
2,CiteSeer,random,15,edge_homophily,0.4975162399694306
2,CiteSeer,random,15,node_homophily,0.47376444060401135
2,CiteSeer,random,15,class_homophily,0.4707042197421044
2,CiteSeer,random,15,adjusted_homophily,0.25400872798668683
2,CiteSeer,random,15,balanced_homophily,0.14593344963217258
2,CiteSeer,random,20,edge_homophily,0.47857927499084585
2,CiteSeer,random,20,node_homophily,0.45722682038738627
2,CiteSeer,random,20,class_homophily,0.4423453174072785
2,CiteSeer,random,20,adjusted_homophily,0.19009538640473145
2,CiteSeer,random,20,balanced_homophily,0.12820913567290634
3,Cora,CLGA,01,edge_homophily,0.8055660022564874
3,Cora,CLGA,01,node_homophily,0.8148123784825715
3,Cora,CLGA,01,class_homophily,0.7598854871382463
3,Cora,CLGA,01,adjusted_homophily,0.43541573053931654
3,Cora,CLGA,01,balanced_homophily,0.3559312922829479
3,Cora,CLGA,05,edge_homophily,0.7859610838334242
3,Cora,CLGA,05,node_homophily,0.7818708882478762
3,Cora,CLGA,05,class_homophily,0.736219131993325
3,Cora,CLGA,05,adjusted_homophily,0.27289476964826404
3,Cora,CLGA,05,balanced_homophily,0.3417314791959949
3,Cora,CLGA,10,edge_homophily,0.7616553169198533
3,Cora,CLGA,10,node_homophily,0.7471018937022945
3,Cora,CLGA,10,class_homophily,0.7067456153452758
3,Cora,CLGA,10,adjusted_homophily,-0.030251284037228435
3,Cora,CLGA,10,balanced_homophily,0.3240473692071654
3,Cora,CLGA,15,edge_homophily,0.7378038558256497
3,Cora,CLGA,15,node_homophily,0.7180451839587307
3,Cora,CLGA,15,class_homophily,0.6783115638853273
3,Cora,CLGA,15,adjusted_homophily,-0.6057033953435095
3,Cora,CLGA,15,balanced_homophily,0.3069869383311964
3,Cora,CLGA,20,edge_homophily,0.7177627337201805
3,Cora,CLGA,20,node_homophily,0.695054755299911
3,Cora,CLGA,20,class_homophily,0.6543969131445436
3,Cora,CLGA,20,adjusted_homophily,-2.0643457171363266
3,Cora,CLGA,20,balanced_homophily,0.29263814788672615
3,Cora,dice,01,edge_homophily,0.8050397877984085
3,Cora,dice,01,node_homophily,0.8198502316093913
3,Cora,dice,01,class_homophily,0.7601913604754548
3,Cora,dice,01,adjusted_homophily,0.45056415454115695
3,Cora,dice,01,balanced_homophily,0.35611481628527275
3,Cora,dice,05,edge_homophily,0.7841359773371105
3,Cora,dice,05,node_homophily,0.7925168160031822
3,Cora,dice,05,class_homophily,0.7356112229928602
3,Cora,dice,05,adjusted_homophily,0.38478392797332683
3,Cora,dice,05,balanced_homophily,0.3413667337957161
3,Cora,dice,10,edge_homophily,0.7589134125636672
3,Cora,dice,10,node_homophily,0.7629007202036457
3,Cora,dice,10,class_homophily,0.7061557573660832
3,Cora,dice,10,adjusted_homophily,0.30859568829181055
3,Cora,dice,10,balanced_homophily,0.32369345441965003
3,Cora,dice,15,edge_homophily,0.7346321165121997
3,Cora,dice,15,node_homophily,0.7353226608510963
3,Cora,dice,15,class_homophily,0.6781905921563561
3,Cora,dice,15,adjusted_homophily,0.256399139577178
3,Cora,dice,15,balanced_homophily,0.30691435529381356
3,Cora,dice,20,edge_homophily,0.710062535531552
3,Cora,dice,20,node_homophily,0.7095406720991154
3,Cora,dice,20,class_homophily,0.6507599556527519
3,Cora,dice,20,adjusted_homophily,0.18385434645016685
3,Cora,dice,20,balanced_homophily,0.29045597339165113
3,Cora,metattack,01,edge_homophily,0.8020637898686679
3,Cora,metattack,01,node_homophily,0.8119808211920041
3,Cora,metattack,01,class_homophily,0.7564487263915848
3,Cora,metattack,01,adjusted_homophily,0.42174529347794243
3,Cora,metattack,01,balanced_homophily,0.3538692358349508
3,Cora,metattack,05,edge_homophily,0.7720628045479155
3,Cora,metattack,05,node_homophily,0.7771673056824026
3,Cora,metattack,05,class_homophily,0.7187674016722562
3,Cora,metattack,05,adjusted_homophily,0.22001673817629985
3,Cora,metattack,05,balanced_homophily,0.3312604410033537
3,Cora,metattack,10,edge_homophily,0.7391004652765811
3,Cora,metattack,10,node_homophily,0.7403925610605389
3,Cora,metattack,10,class_homophily,0.6786567167474732
3,Cora,metattack,10,adjusted_homophily,-0.1520604158712252
3,Cora,metattack,10,balanced_homophily,0.30719403004848395
3,Cora,metattack,15,edge_homophily,0.7092888962217456
3,Cora,metattack,15,node_homophily,0.7084888820823179
3,Cora,metattack,15,class_homophily,0.6429247255302198
3,Cora,metattack,15,adjusted_homophily,-0.8705287629949328
3,Cora,metattack,15,balanced_homophily,0.28575483531813195
3,Cora,metattack,20,edge_homophily,0.6831934104229368
3,Cora,metattack,20,node_homophily,0.6843767219651827
3,Cora,metattack,20,class_homophily,0.6121182807203026
3,Cora,metattack,20,adjusted_homophily,-2.7333019844323005
3,Cora,metattack,20,balanced_homophily,0.26727096843218157
3,Cora,minmax,01,edge_homophily,0.803921568627451
3,Cora,minmax,01,node_homophily,0.8171493294810077
3,Cora,minmax,01,class_homophily,0.7577027757343403
3,Cora,minmax,01,adjusted_homophily,0.4388058954038888
3,Cora,minmax,01,balanced_homophily,0.3546216654406041
3,Cora,minmax,05,edge_homophily,0.7839299030574198
3,Cora,minmax,05,node_homophily,0.7924010980023628
3,Cora,minmax,05,class_homophily,0.729984318385656
3,Cora,minmax,05,adjusted_homophily,0.35681058095503304
3,Cora,minmax,05,balanced_homophily,0.33799059103139373
3,Cora,minmax,10,edge_homophily,0.7603763143331489
3,Cora,minmax,10,node_homophily,0.7691912259092942
3,Cora,minmax,10,class_homophily,0.6985303310909922
3,Cora,minmax,10,adjusted_homophily,0.25431061470673955
3,Cora,minmax,10,balanced_homophily,0.31911819865459534
3,Cora,minmax,15,edge_homophily,0.7407750788058595
3,Cora,minmax,15,node_homophily,0.7512162274269405
3,Cora,minmax,15,class_homophily,0.6705098121295223
3,Cora,minmax,15,adjusted_homophily,0.22012837043980402
3,Cora,minmax,15,balanced_homophily,0.30230588727771335
3,Cora,minmax,20,edge_homophily,0.7147529069767442
3,Cora,minmax,20,node_homophily,0.7341508347610329
3,Cora,minmax,20,class_homophily,0.6382319537860751
3,Cora,minmax,20,adjusted_homophily,0.06983438856454444
3,Cora,minmax,20,balanced_homophily,0.2829391722716451
3,Cora,nodeembeddingattack,01,edge_homophily,0.8107539226942212
3,Cora,nodeembeddingattack,01,node_homophily,0.8263001917391003
3,Cora,nodeembeddingattack,01,class_homophily,0.7665421186126404
3,Cora,nodeembeddingattack,01,adjusted_homophily,0.4852563132442406
3,Cora,nodeembeddingattack,01,balanced_homophily,0.3599252711675843
3,Cora,nodeembeddingattack,05,edge_homophily,0.813160518444666
3,Cora,nodeembeddingattack,05,node_homophily,0.8272895215866962
3,Cora,nodeembeddingattack,05,class_homophily,0.7696315326977654
3,Cora,nodeembeddingattack,05,adjusted_homophily,0.5557347131997051
3,Cora,nodeembeddingattack,05,balanced_homophily,0.3617789196186592
3,Cora,nodeembeddingattack,10,edge_homophily,0.8154072826773311
3,Cora,nodeembeddingattack,10,node_homophily,0.8291888104884303
3,Cora,nodeembeddingattack,10,class_homophily,0.7731211778125967
3,Cora,nodeembeddingattack,10,adjusted_homophily,0.6179090793452772
3,Cora,nodeembeddingattack,10,balanced_homophily,0.36387270668755806
3,Cora,nodeembeddingattack,15,edge_homophily,0.8232672164029419
3,Cora,nodeembeddingattack,15,node_homophily,0.831683436128642
3,Cora,nodeembeddingattack,15,class_homophily,0.7828293555169944
3,Cora,nodeembeddingattack,15,adjusted_homophily,0.6701460514789793
3,Cora,nodeembeddingattack,15,balanced_homophily,0.3696976133101967
3,Cora,nodeembeddingattack,20,edge_homophily,0.8273739048070092
3,Cora,nodeembeddingattack,20,node_homophily,0.833218366387185
3,Cora,nodeembeddingattack,20,class_homophily,0.7872806506982751
3,Cora,nodeembeddingattack,20,adjusted_homophily,0.7063302309121888
3,Cora,nodeembeddingattack,20,balanced_homophily,0.3723683904189651
3,Cora,pgd,01,edge_homophily,0.8055503114970738
3,Cora,pgd,01,node_homophily,0.8203294264468651
3,Cora,pgd,01,class_homophily,0.7598218221251073
3,Cora,pgd,01,adjusted_homophily,0.4455533282488944
3,Cora,pgd,01,balanced_homophily,0.3558930932750644
3,Cora,pgd,05,edge_homophily,0.7765801972963098
3,Cora,pgd,05,node_homophily,0.7971947190351124
3,Cora,pgd,05,class_homophily,0.7253429744796626
3,Cora,pgd,05,adjusted_homophily,0.2722433352622626
3,Cora,pgd,05,balanced_homophily,0.33520578468779744
3,Cora,pgd,10,edge_homophily,0.7485805535841022
3,Cora,pgd,10,node_homophily,0.7732292602834818
3,Cora,pgd,10,class_homophily,0.691313738402301
3,Cora,pgd,10,adjusted_homophily,0.07758534717947112
3,Cora,pgd,10,balanced_homophily,0.31478824304138064
3,Cora,pgd,15,edge_homophily,0.7226657410621312
3,Cora,pgd,15,node_homophily,0.7534805570211766
3,Cora,pgd,15,class_homophily,0.6610790648948502
3,Cora,pgd,15,adjusted_homophily,-0.14157361517612202
3,Cora,pgd,15,balanced_homophily,0.29664743893691015
3,Cora,pgd,20,edge_homophily,0.7011965811965812
3,Cora,pgd,20,node_homophily,0.7344798955107777
3,Cora,pgd,20,class_homophily,0.6280442276836732
3,Cora,pgd,20,adjusted_homophily,-0.25268513496296746
3,Cora,pgd,20,balanced_homophily,0.2768265366102039
3,Cora,random,01,edge_homophily,0.8039399624765479
3,Cora,random,01,node_homophily,0.818007978355191
3,Cora,random,01,class_homophily,0.7584000459459107
3,Cora,random,01,adjusted_homophily,0.42831944582685827
3,Cora,random,01,balanced_homophily,0.35504002756754643
3,Cora,random,05,edge_homophily,0.779823136617939
3,Cora,random,05,node_homophily,0.7909168155023368
3,Cora,random,05,class_homophily,0.7289798253179175
3,Cora,random,05,adjusted_homophily,0.23605060591249188
3,Cora,random,05,balanced_homophily,0.3373878951907505
3,Cora,random,10,edge_homophily,0.7545219638242894
3,Cora,random,10,node_homophily,0.7638093287605018
3,Cora,random,10,class_homophily,0.698303498462888
3,Cora,random,10,adjusted_homophily,-0.14874575469950332
3,Cora,random,10,balanced_homophily,0.31898209907773273
3,Cora,random,15,edge_homophily,0.731586752347998
3,Cora,random,15,node_homophily,0.7371265237795304
3,Cora,random,15,class_homophily,0.6717560360103536
3,Cora,random,15,adjusted_homophily,-0.9170282762038142
3,Cora,random,15,balanced_homophily,0.30305362160621213
3,Cora,random,20,edge_homophily,0.7051950102636981
3,Cora,random,20,node_homophily,0.7054428310926983
3,Cora,random,20,class_homophily,0.6416879529492152
3,Cora,random,20,adjusted_homophily,-3.957991969208324
3,Cora,random,20,balanced_homophily,0.28501277176952905
3,CiteSeer,CLGA,01,edge_homophily,0.5401698236446767
3,CiteSeer,CLGA,01,node_homophily,0.5131133934712783
3,CiteSeer,CLGA,01,class_homophily,0.5302386998678135
3,CiteSeer,CLGA,01,adjusted_homophily,0.3811117762296068
3,CiteSeer,CLGA,01,balanced_homophily,0.18314249971074065
3,CiteSeer,CLGA,05,edge_homophily,0.5275607180570222
3,CiteSeer,CLGA,05,node_homophily,0.5030815198911633
3,CiteSeer,CLGA,05,class_homophily,0.5165809405755704
3,CiteSeer,CLGA,05,adjusted_homophily,0.35282771340094093
3,CiteSeer,CLGA,05,balanced_homophily,0.17460640015308898
3,CiteSeer,CLGA,10,edge_homophily,0.5152741250252882
3,CiteSeer,CLGA,10,node_homophily,0.49339545569653304
3,CiteSeer,CLGA,10,class_homophily,0.4991971892890832
3,CiteSeer,CLGA,10,adjusted_homophily,0.3140558534558262
3,CiteSeer,CLGA,10,balanced_homophily,0.1637415555990343
3,CiteSeer,CLGA,15,edge_homophily,0.5031152647975078
3,CiteSeer,CLGA,15,node_homophily,0.4834751785986183
3,CiteSeer,CLGA,15,class_homophily,0.4822620935763398
3,CiteSeer,CLGA,15,adjusted_homophily,0.27394009192078306
3,CiteSeer,CLGA,15,balanced_homophily,0.15315712077856974
3,CiteSeer,CLGA,20,edge_homophily,0.4893418100224383
3,CiteSeer,CLGA,20,node_homophily,0.47071150120464367
3,CiteSeer,CLGA,20,class_homophily,0.4630503593557691
3,CiteSeer,CLGA,20,adjusted_homophily,0.22633775142725898
3,CiteSeer,CLGA,20,balanced_homophily,0.14114978689071306
3,CiteSeer,dice,01,edge_homophily,0.5398463227222832
3,CiteSeer,dice,01,node_homophily,0.5105965495530734
3,CiteSeer,dice,01,class_homophily,0.5299908376924665
3,CiteSeer,dice,01,adjusted_homophily,0.38400481619590815
3,CiteSeer,dice,01,balanced_homophily,0.18298758585114894
3,CiteSeer,dice,05,edge_homophily,0.5279434504086592
3,CiteSeer,dice,05,node_homophily,0.49593558713075736
3,CiteSeer,dice,05,class_homophily,0.5115383597153589
3,CiteSeer,dice,05,adjusted_homophily,0.3709618692210252
3,CiteSeer,dice,05,balanced_homophily,0.1714547871154567
3,CiteSeer,dice,10,edge_homophily,0.5058126782189076
3,CiteSeer,dice,10,node_homophily,0.4748461977428586
3,CiteSeer,dice,10,class_homophily,0.4815653240240609
3,CiteSeer,dice,10,adjusted_homophily,0.3397991263827994
3,CiteSeer,dice,10,balanced_homophily,0.15272163980839532
3,CiteSeer,dice,15,edge_homophily,0.4931476569407604
3,CiteSeer,dice,15,node_homophily,0.4603016958359766
3,CiteSeer,dice,15,class_homophily,0.4641449781522026
3,CiteSeer,dice,15,adjusted_homophily,0.32815069006140357
3,CiteSeer,dice,15,balanced_homophily,0.14183392363848407
3,CiteSeer,dice,20,edge_homophily,0.4713096802452913
3,CiteSeer,dice,20,node_homophily,0.43290542567531126
3,CiteSeer,dice,20,class_homophily,0.4326418123900366
3,CiteSeer,dice,20,adjusted_homophily,0.2970246813946626
3,CiteSeer,dice,20,balanced_homophily,0.1221444450371302
3,CiteSeer,metattack,01,edge_homophily,0.5381770720034805
3,CiteSeer,metattack,01,node_homophily,0.5095345482107377
3,CiteSeer,metattack,01,class_homophily,0.5259638565754801
3,CiteSeer,metattack,01,adjusted_homophily,0.37768153585296366
3,CiteSeer,metattack,01,balanced_homophily,0.18047072265303243
3,CiteSeer,metattack,05,edge_homophily,0.5195647625026156
3,CiteSeer,metattack,05,node_homophily,0.4899673705732268
3,CiteSeer,metattack,05,class_homophily,0.4966343969098913
3,CiteSeer,metattack,05,adjusted_homophily,0.3331723664453991
3,CiteSeer,metattack,05,balanced_homophily,0.1621398103620394
3,CiteSeer,metattack,10,edge_homophily,0.4987018174555622
3,CiteSeer,metattack,10,node_homophily,0.461837495238663
3,CiteSeer,metattack,10,class_homophily,0.46269371447445745
3,CiteSeer,metattack,10,adjusted_homophily,0.276079947559768
3,CiteSeer,metattack,10,balanced_homophily,0.14092688383989327
3,CiteSeer,metattack,15,edge_homophily,0.48051203668322506
3,CiteSeer,metattack,15,node_homophily,0.443159745609605
3,CiteSeer,metattack,15,class_homophily,0.43803454746130865
3,CiteSeer,metattack,15,adjusted_homophily,0.21954286731164357
3,CiteSeer,metattack,15,balanced_homophily,0.12551490445667535
3,CiteSeer,metattack,20,edge_homophily,0.46246796045404615
3,CiteSeer,metattack,20,node_homophily,0.4250207035075328
3,CiteSeer,metattack,20,class_homophily,0.41128780637572876
3,CiteSeer,metattack,20,adjusted_homophily,0.15385927550209136
3,CiteSeer,metattack,20,balanced_homophily,0.10879819127818775
3,CiteSeer,minmax,01,edge_homophily,0.539588801399825
3,CiteSeer,minmax,01,node_homophily,0.5098523789799555
3,CiteSeer,minmax,01,class_homophily,0.528227875553768
3,CiteSeer,minmax,01,adjusted_homophily,0.38166435305775787
3,CiteSeer,minmax,01,balanced_homophily,0.18188573451446233
3,CiteSeer,minmax,05,edge_homophily,0.5228869491164573
3,CiteSeer,minmax,05,node_homophily,0.4974687123185129
3,CiteSeer,minmax,05,class_homophily,0.5009412737461811
3,CiteSeer,minmax,05,adjusted_homophily,0.3460387863092657
3,CiteSeer,minmax,05,balanced_homophily,0.16483160838472044
3,CiteSeer,minmax,10,edge_homophily,0.509010896898575
3,CiteSeer,minmax,10,node_homophily,0.489549900062326
3,CiteSeer,minmax,10,class_homophily,0.47849960992561924
3,CiteSeer,minmax,10,adjusted_homophily,0.31899526931337413
3,CiteSeer,minmax,10,balanced_homophily,0.15080556849686932
3,CiteSeer,minmax,15,edge_homophily,0.4930856553147575
3,CiteSeer,minmax,15,node_homophily,0.48045482794252403
3,CiteSeer,minmax,15,class_homophily,0.4532225596255519
3,CiteSeer,minmax,15,adjusted_homophily,0.2881302656656918
3,CiteSeer,minmax,15,balanced_homophily,0.13500741205932731
3,CiteSeer,minmax,20,edge_homophily,0.4766693483507643
3,CiteSeer,minmax,20,node_homophily,0.47184755973017084
3,CiteSeer,minmax,20,class_homophily,0.43329799595863594
3,CiteSeer,minmax,20,adjusted_homophily,0.24899443425152054
3,CiteSeer,minmax,20,balanced_homophily,0.12255455976750484
3,CiteSeer,nodeembeddingattack,01,edge_homophily,0.5433769691590858
3,CiteSeer,nodeembeddingattack,01,node_homophily,0.5149587202575009
3,CiteSeer,nodeembeddingattack,01,class_homophily,0.5347926304103297
3,CiteSeer,nodeembeddingattack,01,adjusted_homophily,0.39246529041341544
3,CiteSeer,nodeembeddingattack,01,balanced_homophily,0.1859887062998134
3,CiteSeer,nodeembeddingattack,05,edge_homophily,0.5458959537572254
3,CiteSeer,nodeembeddingattack,05,node_homophily,0.5147256069681638
3,CiteSeer,nodeembeddingattack,05,class_homophily,0.5374608779976999
3,CiteSeer,nodeembeddingattack,05,adjusted_homophily,0.40915515629109056
3,CiteSeer,nodeembeddingattack,05,balanced_homophily,0.1876563610419199
3,CiteSeer,nodeembeddingattack,10,edge_homophily,0.5477178423236515
3,CiteSeer,nodeembeddingattack,10,node_homophily,0.5145225633591379
3,CiteSeer,nodeembeddingattack,10,class_homophily,0.5407574255884237
3,CiteSeer,nodeembeddingattack,10,adjusted_homophily,0.428906360034126
3,CiteSeer,nodeembeddingattack,10,balanced_homophily,0.1897167032861221
3,CiteSeer,nodeembeddingattack,15,edge_homophily,0.5478036175710594
3,CiteSeer,nodeembeddingattack,15,node_homophily,0.5152923946526597
3,CiteSeer,nodeembeddingattack,15,class_homophily,0.5412377899682905
3,CiteSeer,nodeembeddingattack,15,adjusted_homophily,0.4462945327522824
3,CiteSeer,nodeembeddingattack,15,balanced_homophily,0.19001693102353895
3,CiteSeer,nodeembeddingattack,20,edge_homophily,0.5461285008237232
3,CiteSeer,nodeembeddingattack,20,node_homophily,0.5130422331005883
3,CiteSeer,nodeembeddingattack,20,class_homophily,0.5435831755195463
3,CiteSeer,nodeembeddingattack,20,adjusted_homophily,0.4589949745758533
3,CiteSeer,nodeembeddingattack,20,balanced_homophily,0.1914827969930738
3,CiteSeer,pgd,01,edge_homophily,0.5396201702685003
3,CiteSeer,pgd,01,node_homophily,0.5119562365578006
3,CiteSeer,pgd,01,class_homophily,0.5289916111031464
3,CiteSeer,pgd,01,adjusted_homophily,0.3810749141487611
3,CiteSeer,pgd,01,balanced_homophily,0.1823630692328238
3,CiteSeer,pgd,05,edge_homophily,0.523759015697921
3,CiteSeer,pgd,05,node_homophily,0.5031814902304322
3,CiteSeer,pgd,05,class_homophily,0.5024558823766825
3,CiteSeer,pgd,05,adjusted_homophily,0.3479045936237347
3,CiteSeer,pgd,05,balanced_homophily,0.16577823877878395
3,CiteSeer,pgd,10,edge_homophily,0.5039739148155696
3,CiteSeer,pgd,10,node_homophily,0.49372186476947716
3,CiteSeer,pgd,10,class_homophily,0.47451954733676993
3,CiteSeer,pgd,10,adjusted_homophily,0.29756638551879144
3,CiteSeer,pgd,10,balanced_homophily,0.14831802937883853
3,CiteSeer,pgd,15,edge_homophily,0.48638516179952646
3,CiteSeer,pgd,15,node_homophily,0.4825100625982439
3,CiteSeer,pgd,15,class_homophily,0.4465007664179713
3,CiteSeer,pgd,15,adjusted_homophily,0.25339362864122505
3,CiteSeer,pgd,15,balanced_homophily,0.13080629130458937
3,CiteSeer,pgd,20,edge_homophily,0.4690984690984691
3,CiteSeer,pgd,20,node_homophily,0.4724143379176585
3,CiteSeer,pgd,20,class_homophily,0.42266810581115843
3,CiteSeer,pgd,20,adjusted_homophily,0.19775832121367787
3,CiteSeer,pgd,20,balanced_homophily,0.1159108784253314
3,CiteSeer,random,01,edge_homophily,0.5399173373939525
3,CiteSeer,random,01,node_homophily,0.511852483315232
3,CiteSeer,random,01,class_homophily,0.5293637580637408
3,CiteSeer,random,01,adjusted_homophily,0.38014915541130856
3,CiteSeer,random,01,balanced_homophily,0.1825956610831953
3,CiteSeer,random,05,edge_homophily,0.5254237288135594
3,CiteSeer,random,05,node_homophily,0.4996243650498782
3,CiteSeer,random,05,class_homophily,0.5093347968809379
3,CiteSeer,random,05,adjusted_homophily,0.34396563042145833
3,CiteSeer,random,05,balanced_homophily,0.17007756034394347
3,CiteSeer,random,10,edge_homophily,0.5080886758538047
3,CiteSeer,random,10,node_homophily,0.48476413816261305
3,CiteSeer,random,10,class_homophily,0.48685645546348166
3,CiteSeer,random,10,adjusted_homophily,0.2956331231790202
3,CiteSeer,random,10,balanced_homophily,0.15602859695803334
3,CiteSeer,random,15,edge_homophily,0.4957967137944211
3,CiteSeer,random,15,node_homophily,0.4711035056643108
3,CiteSeer,random,15,class_homophily,0.46695099202586493
3,CiteSeer,random,15,adjusted_homophily,0.24896743757182677
3,CiteSeer,random,15,balanced_homophily,0.14358768230952293
3,CiteSeer,random,20,edge_homophily,0.48187477114610033
3,CiteSeer,random,20,node_homophily,0.4617030067428336
3,CiteSeer,random,20,class_homophily,0.4502433360929429
3,CiteSeer,random,20,adjusted_homophily,0.1944598017205184
3,CiteSeer,random,20,balanced_homophily,0.1331453973514466
4,Cora,CLGA,01,edge_homophily,0.8039068369646882
4,Cora,CLGA,01,node_homophily,0.8139340286197316
4,Cora,CLGA,01,class_homophily,0.7582748250144986
4,Cora,CLGA,01,adjusted_homophily,0.4283902508010243
4,Cora,CLGA,01,balanced_homophily,0.3549648950086991
4,Cora,CLGA,05,edge_homophily,0.7846377337933539
4,Cora,CLGA,05,node_homophily,0.7806833428210396
4,Cora,CLGA,05,class_homophily,0.7356117200463892
4,Cora,CLGA,05,adjusted_homophily,0.2640621134574082
4,Cora,CLGA,05,balanced_homophily,0.3413670320278335
4,Cora,CLGA,10,edge_homophily,0.7578984115901554
4,Cora,CLGA,10,node_homophily,0.7425042848857045
4,Cora,CLGA,10,class_homophily,0.7052166747641527
4,Cora,CLGA,10,adjusted_homophily,-0.05164960468471213
4,Cora,CLGA,10,balanced_homophily,0.3231300048584915
4,Cora,CLGA,15,edge_homophily,0.7339372588491864
4,Cora,CLGA,15,node_homophily,0.7150241927638108
4,Cora,CLGA,15,class_homophily,0.6767879475369658
4,Cora,CLGA,15,adjusted_homophily,-0.6408139881277427
4,Cora,CLGA,15,balanced_homophily,0.30607276852217946
4,Cora,CLGA,20,edge_homophily,0.7153945666235446
4,Cora,CLGA,20,node_homophily,0.6934906210917601
4,Cora,CLGA,20,class_homophily,0.6542676378082414
4,Cora,CLGA,20,adjusted_homophily,-1.994970006750178
4,Cora,CLGA,20,balanced_homophily,0.2925605826849448
4,Cora,dice,01,edge_homophily,0.8046934140802422
4,Cora,dice,01,node_homophily,0.8185741223336676
4,Cora,dice,01,class_homophily,0.7595054660343794
4,Cora,dice,01,adjusted_homophily,0.4487219313862652
4,Cora,dice,01,balanced_homophily,0.3557032796206276
4,Cora,dice,05,edge_homophily,0.7861898421152749
4,Cora,dice,05,node_homophily,0.7947985236075055
4,Cora,dice,05,class_homophily,0.7379479889025667
4,Cora,dice,05,adjusted_homophily,0.4075488795514955
4,Cora,dice,05,balanced_homophily,0.3427687933415401
4,Cora,dice,10,edge_homophily,0.7610804641430474
4,Cora,dice,10,node_homophily,0.7678727159702001
4,Cora,dice,10,class_homophily,0.7079893687190056
4,Cora,dice,10,adjusted_homophily,0.33765454908503456
4,Cora,dice,10,balanced_homophily,0.32479362123140343
4,Cora,dice,15,edge_homophily,0.7341891636775534
4,Cora,dice,15,node_homophily,0.736132738750824
4,Cora,dice,15,class_homophily,0.6776466278706903
4,Cora,dice,15,adjusted_homophily,0.24374699108125436
4,Cora,dice,15,balanced_homophily,0.3065879767224141
4,Cora,dice,20,edge_homophily,0.7084038353073886
4,Cora,dice,20,node_homophily,0.7080376631236609
4,Cora,dice,20,class_homophily,0.647075633427164
4,Cora,dice,20,adjusted_homophily,0.15093039545389716
4,Cora,dice,20,balanced_homophily,0.28824538005629846
4,Cora,metattack,01,edge_homophily,0.8020637898686679
4,Cora,metattack,01,node_homophily,0.8124054888434074
4,Cora,metattack,01,class_homophily,0.755855173800131
4,Cora,metattack,01,adjusted_homophily,0.42249255086445675
4,Cora,metattack,01,balanced_homophily,0.35351310428007865
4,Cora,metattack,05,edge_homophily,0.7722432773867532
4,Cora,metattack,05,node_homophily,0.7769190700021139
4,Cora,metattack,05,class_homophily,0.7189168526825495
4,Cora,metattack,05,adjusted_homophily,0.2202664526479713
4,Cora,metattack,05,balanced_homophily,0.3313501116095297
4,Cora,metattack,10,edge_homophily,0.7378941926589695
4,Cora,metattack,10,node_homophily,0.7392121693613135
4,Cora,metattack,10,class_homophily,0.6775439564240315
4,Cora,metattack,10,adjusted_homophily,-0.1591444937003394
4,Cora,metattack,10,balanced_homophily,0.3065263738544189
4,Cora,metattack,15,edge_homophily,0.7100181548110249
4,Cora,metattack,15,node_homophily,0.7107912898547369
4,Cora,metattack,15,class_homophily,0.6435363183418147
4,Cora,metattack,15,adjusted_homophily,-0.8430448364327604
4,Cora,metattack,15,balanced_homophily,0.2861217910050888
4,Cora,metattack,20,edge_homophily,0.6826025011872724
4,Cora,metattack,20,node_homophily,0.6822806850437908
4,Cora,metattack,20,class_homophily,0.6119213687362827
4,Cora,metattack,20,adjusted_homophily,-2.8373304598470046
4,Cora,metattack,20,balanced_homophily,0.26715282124176964
4,Cora,minmax,01,edge_homophily,0.804032410024496
4,Cora,minmax,01,node_homophily,0.8172916075546834
4,Cora,minmax,01,class_homophily,0.7574487028532432
4,Cora,minmax,01,adjusted_homophily,0.4381541259166132
4,Cora,minmax,01,balanced_homophily,0.3544692217119458
4,Cora,minmax,05,edge_homophily,0.7807130980971735
4,Cora,minmax,05,node_homophily,0.7939846940515546
4,Cora,minmax,05,class_homophily,0.7271699115987404
4,Cora,minmax,05,adjusted_homophily,0.32415299214096793
4,Cora,minmax,05,balanced_homophily,0.3363019469592442
4,Cora,minmax,10,edge_homophily,0.7606648199445983
4,Cora,minmax,10,node_homophily,0.772176605145532
4,Cora,minmax,10,class_homophily,0.6994875329363572
4,Cora,minmax,10,adjusted_homophily,0.25893073462727667
4,Cora,minmax,10,balanced_homophily,0.3196925197618143
4,Cora,minmax,15,edge_homophily,0.7413665057556629
4,Cora,minmax,15,node_homophily,0.7541484844640014
4,Cora,minmax,15,class_homophily,0.6723549769163507
4,Cora,minmax,15,adjusted_homophily,0.2245096145599179
4,Cora,minmax,15,balanced_homophily,0.30341298614981044
4,Cora,minmax,20,edge_homophily,0.7143895348837209
4,Cora,minmax,20,node_homophily,0.7352578265447217
4,Cora,minmax,20,class_homophily,0.6393549651991313
4,Cora,minmax,20,adjusted_homophily,0.06577492681026155
4,Cora,minmax,20,balanced_homophily,0.2836129791194789
4,Cora,nodeembeddingattack,01,edge_homophily,0.8107539226942212
4,Cora,nodeembeddingattack,01,node_homophily,0.825985282851132
4,Cora,nodeembeddingattack,01,class_homophily,0.7669058133438252
4,Cora,nodeembeddingattack,01,adjusted_homophily,0.4857207908239674
4,Cora,nodeembeddingattack,01,balanced_homophily,0.3601434880062953
4,Cora,nodeembeddingattack,05,edge_homophily,0.8125623130608175
4,Cora,nodeembeddingattack,05,node_homophily,0.8268519748108221
4,Cora,nodeembeddingattack,05,class_homophily,0.769392444036887
4,Cora,nodeembeddingattack,05,adjusted_homophily,0.5555615776671495
4,Cora,nodeembeddingattack,05,balanced_homophily,0.36163546642213207
4,Cora,nodeembeddingattack,10,edge_homophily,0.8185645127341612
4,Cora,nodeembeddingattack,10,node_homophily,0.8296971487548601
4,Cora,nodeembeddingattack,10,class_homophily,0.7766840741868178
4,Cora,nodeembeddingattack,10,adjusted_homophily,0.6224355899677537
4,Cora,nodeembeddingattack,10,balanced_homophily,0.36601044451209075
4,Cora,nodeembeddingattack,15,edge_homophily,0.8217071540004457
4,Cora,nodeembeddingattack,15,node_homophily,0.8294973443274645
4,Cora,nodeembeddingattack,15,class_homophily,0.7811929727180077
4,Cora,nodeembeddingattack,15,adjusted_homophily,0.6661189926877467
4,Cora,nodeembeddingattack,15,balanced_homophily,0.3687157836308045
4,Cora,nodeembeddingattack,20,edge_homophily,0.8316362775278239
4,Cora,nodeembeddingattack,20,node_homophily,0.8337125130992726
4,Cora,nodeembeddingattack,20,class_homophily,0.7937852903970524
4,Cora,nodeembeddingattack,20,adjusted_homophily,0.7143058994559421
4,Cora,nodeembeddingattack,20,balanced_homophily,0.37627117423823137
4,Cora,pgd,01,edge_homophily,0.8045240339302545
4,Cora,pgd,01,node_homophily,0.8196620915660886
4,Cora,pgd,01,class_homophily,0.7602575215458005
4,Cora,pgd,01,adjusted_homophily,0.4376529625910647
4,Cora,pgd,01,balanced_homophily,0.35615451292748024
4,Cora,pgd,05,edge_homophily,0.7780831958951805
4,Cora,pgd,05,node_homophily,0.7962982230290804
4,Cora,pgd,05,class_homophily,0.7280706566535282
4,Cora,pgd,05,adjusted_homophily,0.28509022042799714
4,Cora,pgd,05,balanced_homophily,0.336842393992117
4,Cora,pgd,10,edge_homophily,0.7492447129909365
4,Cora,pgd,10,node_homophily,0.7741634716872927
4,Cora,pgd,10,class_homophily,0.6911650446955006
4,Cora,pgd,10,adjusted_homophily,0.08897254140846242
4,Cora,pgd,10,balanced_homophily,0.3146990268173002
4,Cora,pgd,15,edge_homophily,0.7266993693062369
4,Cora,pgd,15,node_homophily,0.7485717615137648
4,Cora,pgd,15,class_homophily,0.6616817863428662
4,Cora,pgd,15,adjusted_homophily,-0.04356923653573753
4,Cora,pgd,15,balanced_homophily,0.2970090718057198
4,Cora,pgd,20,edge_homophily,0.7006500171057133
4,Cora,pgd,20,node_homophily,0.731894185014652
4,Cora,pgd,20,class_homophily,0.6300271152259428
4,Cora,pgd,20,adjusted_homophily,-0.27457415661072054
4,Cora,pgd,20,balanced_homophily,0.27801626913556576
4,Cora,random,01,edge_homophily,0.8028142589118199
4,Cora,random,01,node_homophily,0.8179366626999134
4,Cora,random,01,class_homophily,0.7576266662662657
4,Cora,random,01,adjusted_homophily,0.42261789085824336
4,Cora,random,01,balanced_homophily,0.35457599975975945
4,Cora,random,05,edge_homophily,0.7792817181014258
4,Cora,random,05,node_homophily,0.7920158365646592
4,Cora,random,05,class_homophily,0.7288411910992934
4,Cora,random,05,adjusted_homophily,0.2310102306640086
4,Cora,random,05,balanced_homophily,0.33730471465957595
4,Cora,random,10,edge_homophily,0.7533161068044789
4,Cora,random,10,node_homophily,0.7632328223672763
4,Cora,random,10,class_homophily,0.6986736528951017
4,Cora,random,10,adjusted_homophily,-0.14078033072609514
4,Cora,random,10,balanced_homophily,0.31920419173706105
4,Cora,random,15,edge_homophily,0.7273026857801944
4,Cora,random,15,node_homophily,0.734762720517275
4,Cora,random,15,class_homophily,0.6659376934655615
4,Cora,random,15,adjusted_homophily,-0.9161281518222042
4,Cora,random,15,balanced_homophily,0.2995626160793369
4,Cora,random,20,edge_homophily,0.7029843675982946
4,Cora,random,20,node_homophily,0.7053664642417338
4,Cora,random,20,class_homophily,0.6368653129161924
4,Cora,random,20,adjusted_homophily,-3.663743305052302
4,Cora,random,20,balanced_homophily,0.2821191877497155
4,CiteSeer,CLGA,01,edge_homophily,0.5404756709578878
4,CiteSeer,CLGA,01,node_homophily,0.5119506864925208
4,CiteSeer,CLGA,01,class_homophily,0.5306754680053288
4,CiteSeer,CLGA,01,adjusted_homophily,0.3831100959137626
4,CiteSeer,CLGA,01,balanced_homophily,0.18341547979668782
4,CiteSeer,CLGA,05,edge_homophily,0.5312964141735624
4,CiteSeer,CLGA,05,node_homophily,0.5048295155751373
4,CiteSeer,CLGA,05,class_homophily,0.5191349384700029
4,CiteSeer,CLGA,05,adjusted_homophily,0.3604706743610535
4,CiteSeer,CLGA,05,balanced_homophily,0.17620264883710912
4,CiteSeer,CLGA,10,edge_homophily,0.5160171393593145
4,CiteSeer,CLGA,10,node_homophily,0.49136729316341116
4,CiteSeer,CLGA,10,class_homophily,0.4989441871188379
4,CiteSeer,CLGA,10,adjusted_homophily,0.3217312085456539
4,CiteSeer,CLGA,10,balanced_homophily,0.16358342924263103
4,CiteSeer,CLGA,15,edge_homophily,0.5031335683509597
4,CiteSeer,CLGA,15,node_homophily,0.47928530725365265
4,CiteSeer,CLGA,15,class_homophily,0.4803018970510471
4,CiteSeer,CLGA,15,adjusted_homophily,0.2811140990056618
4,CiteSeer,CLGA,15,balanced_homophily,0.1519319979502618
4,CiteSeer,CLGA,20,edge_homophily,0.4903882397286091
4,CiteSeer,CLGA,20,node_homophily,0.4692229787062019
4,CiteSeer,CLGA,20,class_homophily,0.46229957315023656
4,CiteSeer,CLGA,20,adjusted_homophily,0.2378747402197227
4,CiteSeer,CLGA,20,balanced_homophily,0.14068054551225512
4,CiteSeer,dice,01,edge_homophily,0.5397664683851069
4,CiteSeer,dice,01,node_homophily,0.5096075024265585
4,CiteSeer,dice,01,class_homophily,0.5304438934434741
4,CiteSeer,dice,01,adjusted_homophily,0.3855872657103001
4,CiteSeer,dice,01,balanced_homophily,0.18327074569552862
4,CiteSeer,dice,05,edge_homophily,0.5254089422028353
4,CiteSeer,dice,05,node_homophily,0.4927220550430412
4,CiteSeer,dice,05,class_homophily,0.507497952450026
4,CiteSeer,dice,05,adjusted_homophily,0.3625843288071699
4,CiteSeer,dice,05,balanced_homophily,0.1689295325746236
4,CiteSeer,dice,10,edge_homophily,0.5082471959533759
4,CiteSeer,dice,10,node_homophily,0.4747764981032646
4,CiteSeer,dice,10,class_homophily,0.48426949657355334
4,CiteSeer,dice,10,adjusted_homophily,0.3452871727223486
4,CiteSeer,dice,10,balanced_homophily,0.15441174765182814
4,CiteSeer,dice,15,edge_homophily,0.4891257068290561
4,CiteSeer,dice,15,node_homophily,0.4537642591123543
4,CiteSeer,dice,15,class_homophily,0.45792395161191807
4,CiteSeer,dice,15,adjusted_homophily,0.31441746656548963
4,CiteSeer,dice,15,balanced_homophily,0.1379457820508062
4,CiteSeer,dice,20,edge_homophily,0.4756151142355009
4,CiteSeer,dice,20,node_homophily,0.4391806772088945
4,CiteSeer,dice,20,class_homophily,0.43762314225522003
4,CiteSeer,dice,20,adjusted_homophily,0.30471279734526985
4,CiteSeer,dice,20,balanced_homophily,0.12525777620286982
4,CiteSeer,metattack,01,edge_homophily,0.5383946051772895
4,CiteSeer,metattack,01,node_homophily,0.5101607379712827
4,CiteSeer,metattack,01,class_homophily,0.5258825741221284
4,CiteSeer,metattack,01,adjusted_homophily,0.3779854770548666
4,CiteSeer,metattack,01,balanced_homophily,0.1804199211196876
4,CiteSeer,metattack,05,edge_homophily,0.5193555137057962
4,CiteSeer,metattack,05,node_homophily,0.4891357905712232
4,CiteSeer,metattack,05,class_homophily,0.495584287822739
4,CiteSeer,metattack,05,adjusted_homophily,0.3331075737008526
4,CiteSeer,metattack,05,balanced_homophily,0.1614834921825692
4,CiteSeer,metattack,10,edge_homophily,0.4979029358897543
4,CiteSeer,metattack,10,node_homophily,0.45999613951994
4,CiteSeer,metattack,10,class_homophily,0.4621956318966438
4,CiteSeer,metattack,10,adjusted_homophily,0.27520240413294844
4,CiteSeer,metattack,10,balanced_homophily,0.14061558222875975
4,CiteSeer,metattack,15,edge_homophily,0.4778372181887658
4,CiteSeer,metattack,15,node_homophily,0.43847686545332565
4,CiteSeer,metattack,15,class_homophily,0.43456666393606425
4,CiteSeer,metattack,15,adjusted_homophily,0.2150537758200257
4,CiteSeer,metattack,15,balanced_homophily,0.12334747725339747
4,CiteSeer,metattack,20,edge_homophily,0.4641157085316734
4,CiteSeer,metattack,20,node_homophily,0.42601789954530583
4,CiteSeer,metattack,20,class_homophily,0.41643201048608364
4,CiteSeer,metattack,20,adjusted_homophily,0.15706124696775206
4,CiteSeer,metattack,20,balanced_homophily,0.11201331884715955
4,CiteSeer,minmax,01,edge_homophily,0.5394880770072195
4,CiteSeer,minmax,01,node_homophily,0.5106606280975499
4,CiteSeer,minmax,01,class_homophily,0.5278471468839355
4,CiteSeer,minmax,01,adjusted_homophily,0.3814212471183431
4,CiteSeer,minmax,01,balanced_homophily,0.18164777909581709
4,CiteSeer,minmax,05,edge_homophily,0.5220541231621564
4,CiteSeer,minmax,05,node_homophily,0.49601439164699035
4,CiteSeer,minmax,05,class_homophily,0.49851046438502167
4,CiteSeer,minmax,05,adjusted_homophily,0.34787571410392487
4,CiteSeer,minmax,05,balanced_homophily,0.16331235253399584
4,CiteSeer,minmax,10,edge_homophily,0.5052915542643702
4,CiteSeer,minmax,10,node_homophily,0.48886877347440694
4,CiteSeer,minmax,10,class_homophily,0.47357647896533284
4,CiteSeer,minmax,10,adjusted_homophily,0.3091799357814858
4,CiteSeer,minmax,10,balanced_homophily,0.14772861164669032
4,CiteSeer,minmax,15,edge_homophily,0.49431230610134436
4,CiteSeer,minmax,15,node_homophily,0.4808255520523958
4,CiteSeer,minmax,15,class_homophily,0.455337716974447
4,CiteSeer,minmax,15,adjusted_homophily,0.2883442069845912
4,CiteSeer,minmax,15,balanced_homophily,0.1363293854023867
4,CiteSeer,minmax,20,edge_homophily,0.4794188861985472
4,CiteSeer,minmax,20,node_homophily,0.47207930741135185
4,CiteSeer,minmax,20,class_homophily,0.4338738484011794
4,CiteSeer,minmax,20,adjusted_homophily,0.2565373141811341
4,CiteSeer,minmax,20,balanced_homophily,0.12291446754409442
4,CiteSeer,nodeembeddingattack,01,edge_homophily,0.5440426003993788
4,CiteSeer,nodeembeddingattack,01,node_homophily,0.5153900671801019
4,CiteSeer,nodeembeddingattack,01,class_homophily,0.535563526394289
4,CiteSeer,nodeembeddingattack,01,adjusted_homophily,0.3933974652174151
4,CiteSeer,nodeembeddingattack,01,balanced_homophily,0.1864705162897879
4,CiteSeer,nodeembeddingattack,05,edge_homophily,0.5472832369942197
4,CiteSeer,nodeembeddingattack,05,node_homophily,0.517109680151351
4,CiteSeer,nodeembeddingattack,05,class_homophily,0.5386404098277602
4,CiteSeer,nodeembeddingattack,05,adjusted_homophily,0.41159451487907
4,CiteSeer,nodeembeddingattack,05,balanced_homophily,0.18839356843570748
4,CiteSeer,nodeembeddingattack,10,edge_homophily,0.5494264095679766
4,CiteSeer,nodeembeddingattack,10,node_homophily,0.5168174342454681
4,CiteSeer,nodeembeddingattack,10,class_homophily,0.5424677571789066
4,CiteSeer,nodeembeddingattack,10,adjusted_homophily,0.4304501477409271
4,CiteSeer,nodeembeddingattack,10,balanced_homophily,0.19078566053017393
4,CiteSeer,nodeembeddingattack,15,edge_homophily,0.5441860465116279
4,CiteSeer,nodeembeddingattack,15,node_homophily,0.5128736610248301
4,CiteSeer,nodeembeddingattack,15,class_homophily,0.538392278933655
4,CiteSeer,nodeembeddingattack,15,adjusted_homophily,0.44091080286214895
4,CiteSeer,nodeembeddingattack,15,balanced_homophily,0.18823848662689172
4,CiteSeer,nodeembeddingattack,20,edge_homophily,0.5447556287753982
4,CiteSeer,nodeembeddingattack,20,node_homophily,0.5133037021062127
4,CiteSeer,nodeembeddingattack,20,class_homophily,0.5442082514202105
4,CiteSeer,nodeembeddingattack,20,adjusted_homophily,0.45820906170172915
4,CiteSeer,nodeembeddingattack,20,balanced_homophily,0.19187346943098876
4,CiteSeer,pgd,01,edge_homophily,0.5391835843702248
4,CiteSeer,pgd,01,node_homophily,0.511550982618096
4,CiteSeer,pgd,01,class_homophily,0.5278563515011745
4,CiteSeer,pgd,01,adjusted_homophily,0.380562627971833
4,CiteSeer,pgd,01,balanced_homophily,0.1816535319815913
4,CiteSeer,pgd,05,edge_homophily,0.5225396825396825
4,CiteSeer,pgd,05,node_homophily,0.5020338464165395
4,CiteSeer,pgd,05,class_homophily,0.5028876695642784
4,CiteSeer,pgd,05,adjusted_homophily,0.3427472014032926
4,CiteSeer,pgd,05,balanced_homophily,0.16604810577103146
4,CiteSeer,pgd,10,edge_homophily,0.5029513535518013
4,CiteSeer,pgd,10,node_homophily,0.48803309951068696
4,CiteSeer,pgd,10,class_homophily,0.4713824229553224
4,CiteSeer,pgd,10,adjusted_homophily,0.29708589954315745
4,CiteSeer,pgd,10,balanced_homophily,0.14635732664043388
4,CiteSeer,pgd,15,edge_homophily,0.4868833202819107
4,CiteSeer,pgd,15,node_homophily,0.4825951461287344
4,CiteSeer,pgd,15,class_homophily,0.44829465598392504
4,CiteSeer,pgd,15,adjusted_homophily,0.25077951121643594
4,CiteSeer,pgd,15,balanced_homophily,0.1319274722833106
4,CiteSeer,pgd,20,edge_homophily,0.46472479667108
4,CiteSeer,pgd,20,node_homophily,0.4694601693313791
4,CiteSeer,pgd,20,class_homophily,0.4146493725106188
4,CiteSeer,pgd,20,adjusted_homophily,0.19256050067779754
4,CiteSeer,pgd,20,balanced_homophily,0.11089917011249409
4,CiteSeer,random,01,edge_homophily,0.5401348705677615
4,CiteSeer,random,01,node_homophily,0.5116841797507798
4,CiteSeer,random,01,class_homophily,0.5292690388095744
4,CiteSeer,random,01,adjusted_homophily,0.38039032398392997
4,CiteSeer,random,01,balanced_homophily,0.18253646154934147
4,CiteSeer,random,05,edge_homophily,0.5254237288135594
4,CiteSeer,random,05,node_homophily,0.4974112790924215
4,CiteSeer,random,05,class_homophily,0.5088212264603023
4,CiteSeer,random,05,adjusted_homophily,0.3437480348193119
4,CiteSeer,random,05,balanced_homophily,0.16975657883104628
4,CiteSeer,random,10,edge_homophily,0.5080886758538047
4,CiteSeer,random,10,node_homophily,0.4830402129068238
4,CiteSeer,random,10,class_homophily,0.48321225304587967
4,CiteSeer,random,10,adjusted_homophily,0.29536087051912346
4,CiteSeer,random,10,balanced_homophily,0.15375097044703218
4,CiteSeer,random,15,edge_homophily,0.4950324799388613
4,CiteSeer,random,15,node_homophily,0.4705266644081512
4,CiteSeer,random,15,class_homophily,0.4664103964421349
4,CiteSeer,random,15,adjusted_homophily,0.24914011167583944
4,CiteSeer,random,15,balanced_homophily,0.14324981006969167
4,CiteSeer,random,20,edge_homophily,0.4765653606737459
4,CiteSeer,random,20,node_homophily,0.45481724502661736
4,CiteSeer,random,20,class_homophily,0.4398482466711598
4,CiteSeer,random,20,adjusted_homophily,0.18854594608737094
4,CiteSeer,random,20,balanced_homophily,0.1266484664628323
5,Cora,CLGA,01,edge_homophily,0.8047726418639609
5,Cora,CLGA,01,node_homophily,0.8153381574795469
5,Cora,CLGA,01,class_homophily,0.7591560343846063
5,Cora,CLGA,01,adjusted_homophily,0.43248348829813793
5,Cora,CLGA,01,balanced_homophily,0.35549362063076384
5,Cora,CLGA,05,edge_homophily,0.7874202370100274
5,Cora,CLGA,05,node_homophily,0.7860870848200546
5,Cora,CLGA,05,class_homophily,0.7383785428798492
5,Cora,CLGA,05,adjusted_homophily,0.287509681686838
5,Cora,CLGA,05,balanced_homophily,0.3430271257279095
5,Cora,CLGA,10,edge_homophily,0.7621214773323998
5,Cora,CLGA,10,node_homophily,0.7485968495916366
5,Cora,CLGA,10,class_homophily,0.7061241863927367
5,Cora,CLGA,10,adjusted_homophily,-0.010490844026770182
5,Cora,CLGA,10,balanced_homophily,0.323674511835642
5,Cora,CLGA,15,edge_homophily,0.7399495374264088
5,Cora,CLGA,15,node_homophily,0.7215932188481909
5,Cora,CLGA,15,class_homophily,0.6798449971297362
5,Cora,CLGA,15,adjusted_homophily,-0.5192971111922297
5,Cora,CLGA,15,balanced_homophily,0.3079069982778417
5,Cora,CLGA,20,edge_homophily,0.7165532879818595
5,Cora,CLGA,20,node_homophily,0.6945682077112887
5,Cora,CLGA,20,class_homophily,0.6524373633593109
5,Cora,CLGA,20,adjusted_homophily,-1.794009730774448
5,Cora,CLGA,20,balanced_homophily,0.29146241801558653
5,Cora,dice,01,edge_homophily,0.8045781309118426
5,Cora,dice,01,node_homophily,0.8190481315591969
5,Cora,dice,01,class_homophily,0.7599081571225982
5,Cora,dice,01,adjusted_homophily,0.44738767138145075
5,Cora,dice,01,balanced_homophily,0.3559448942735589
5,Cora,dice,05,edge_homophily,0.7840286954880121
5,Cora,dice,05,node_homophily,0.7952732155478393
5,Cora,dice,05,class_homophily,0.7353487122710584
5,Cora,dice,05,adjusted_homophily,0.38085506842220346
5,Cora,dice,05,balanced_homophily,0.34120922736263504
5,Cora,dice,10,edge_homophily,0.7599924228073499
5,Cora,dice,10,node_homophily,0.7681545610003715
5,Cora,dice,10,class_homophily,0.7075184979933367
5,Cora,dice,10,adjusted_homophily,0.32262778217111737
5,Cora,dice,10,balanced_homophily,0.32451109879600193
5,Cora,dice,15,edge_homophily,0.7348986934292747
